Cont thaw;long* thaw<Config<(oop_kind)0, G1BarrierSet> >;G1CollectedHeap::requires_barriers 3
java/util/concurrent/ForkJoinWorkerThread.run;java/util/concurrent/ForkJoinPool.runWorker;java/util/concurrent/ForkJoinPool.scan 7
java/util/concurrent/ForkJoinWorkerThread.run;java/util/concurrent/ForkJoinPool.runWorker;java/util/concurrent/ForkJoinPool.scan 33
java/util/concurrent/ForkJoinWorkerThread.run;java/util/concurrent/ForkJoinPool.runWorker;java/util/concurrent/ForkJoinPool.scan;java/util/concurrent/ForkJoinPool$WorkQueue.topLevelExec;java/util/concurrent/ForkJoinTask.doExec;java/util/concurrent/ForkJoinTask$AdaptedRunnableAction.exec;java/lang/VirtualThread$$Lambda.0x000073fb0c039ae0.run;java/lang/VirtualThread.runContinuation;jdk/internal/vm/Continuation.run;jdk/internal/vm/Continuation.enterSpecial;jdk/internal/vm/Continuation.enter;jdk/internal/vm/Continuation.enter0;java/lang/VirtualThread$VThreadContinuation$1.run;java/lang/VirtualThread.run;java/lang/Thread.runWith;uk/ac/ncl/jensen/benchmark/VThreadTransitionBenchmark$$Lambda.0x000073fb0c029bb0.run;uk/ac/ncl/jensen/benchmark/VThreadTransitionBenchmark.lambda$transition_yield$0;java/lang/Thread.yield;java/lang/VirtualThread.tryYield;java/lang/VirtualThread.yieldContinuation;_notify_jvmti_vthread_mount;SharedRuntime::notify_jvmti_vthread_mount;JvmtiVTMSTransitionDisabler::VTMS_vthread_mount;JvmtiVTMSTransitionDisabler::VTMS_mount_end;Mutex::lock;pthread_mutex_trylock 9
java/util/concurrent/ForkJoinWorkerThread.run;java/util/concurrent/ForkJoinPool.runWorker;java/util/concurrent/ForkJoinPool.scan;java/util/concurrent/ForkJoinPool$WorkQueue.topLevelExec;java/util/concurrent/ForkJoinTask.doExec;java/util/concurrent/ForkJoinTask$AdaptedRunnableAction.exec;java/lang/VirtualThread$$Lambda.0x000073fb0c039ae0.run;java/lang/VirtualThread.runContinuation;jdk/internal/vm/Continuation.run;jdk/internal/vm/Continuation.enterSpecial;jdk/internal/vm/Continuation.enter;jdk/internal/vm/Continuation.enter0;java/lang/VirtualThread$VThreadContinuation$1.run;java/lang/VirtualThread.run;java/lang/Thread.runWith;uk/ac/ncl/jensen/benchmark/VThreadTransitionBenchmark$$Lambda.0x000073fb0c029bb0.run;uk/ac/ncl/jensen/benchmark/VThreadTransitionBenchmark.lambda$transition_yield$0;java/lang/Thread.yield;java/lang/VirtualThread.tryYield;java/lang/VirtualThread.yieldContinuation;jdk/internal/vm/Continuation.yield;jdk/internal/vm/Continuation.yield0 2
Cont thaw;long* thaw<Config<(oop_kind)0, G1BarrierSet> >;Thaw<Config<(oop_kind)0, G1BarrierSet> >::thaw_fast 6
java/util/concurrent/ForkJoinWorkerThread.run;java/util/concurrent/ForkJoinPool.runWorker;java/util/concurrent/ForkJoinPool.scan;java/util/concurrent/ForkJoinPool$WorkQueue.topLevelExec;java/util/concurrent/ForkJoinTask.doExec;java/util/concurrent/ForkJoinTask$AdaptedRunnableAction.exec;java/lang/VirtualThread$$Lambda.0x000073fb0c039ae0.run;java/lang/VirtualThread.runContinuation;jdk/internal/vm/Continuation.run;jdk/internal/vm/Continuation.enterSpecial;int freeze<Config<(oop_kind)0, G1BarrierSet> >;AccessInternal::PostRuntimeDispatch<G1BarrierSet::AccessBarrier<286822ul, G1BarrierSet>, (AccessInternal::BarrierType)1, 286822ul>::oop_access_barrier 1
java/util/concurrent/ForkJoinWorkerThread.run;java/util/concurrent/ForkJoinPool.runWorker;java/util/concurrent/ForkJoinPool.scan;java/util/concurrent/ForkJoinPool$WorkQueue.topLevelExec;java/util/concurrent/ForkJoinTask.doExec;java/util/concurrent/ForkJoinTask$AdaptedRunnableAction.exec;java/lang/VirtualThread$$Lambda.0x000073fb0c039ae0.run;java/lang/VirtualThread.runContinuation;jdk/internal/vm/Continuation.run 2
java/util/concurrent/ForkJoinWorkerThread.run;java/util/concurrent/ForkJoinPool.runWorker;java/util/concurrent/ForkJoinPool.scan;java/util/concurrent/ForkJoinPool$WorkQueue.topLevelExec;java/util/concurrent/ForkJoinTask.doExec;java/util/concurrent/ForkJoinTask$AdaptedRunnableAction.exec;java/lang/VirtualThread$$Lambda.0x000073fb0c039ae0.run;java/lang/VirtualThread.runContinuation;jdk/internal/vm/Continuation.run;jdk/internal/vm/Continuation.enterSpecial;jdk/internal/vm/Continuation.enter;jdk/internal/vm/Continuation.enter0;java/lang/VirtualThread$VThreadContinuation$1.run;java/lang/VirtualThread.run;java/lang/Thread.runWith;uk/ac/ncl/jensen/benchmark/VThreadTransitionBenchmark$$Lambda.0x000073fb0c029bb0.run;uk/ac/ncl/jensen/benchmark/VThreadTransitionBenchmark.lambda$transition_yield$0;java/lang/Thread.yield;java/lang/VirtualThread.tryYield;java/lang/VirtualThread.yieldContinuation;_notify_jvmti_vthread_mount;SharedRuntime::notify_jvmti_vthread_mount;JNIHandles::make_local;__tls_get_addr 1
java/util/concurrent/ForkJoinWorkerThread.run;java/util/concurrent/ForkJoinPool.runWorker;java/util/concurrent/ForkJoinPool.scan 48
java/util/concurrent/ForkJoinWorkerThread.run;java/util/concurrent/ForkJoinPool.runWorker;java/util/concurrent/ForkJoinPool.scan;java/util/concurrent/ForkJoinPool$WorkQueue.topLevelExec;java/util/concurrent/ForkJoinTask.doExec;java/util/concurrent/ForkJoinTask$AdaptedRunnableAction.exec;java/lang/VirtualThread$$Lambda.0x000073fb0c039ae0.run;java/lang/VirtualThread.runContinuation;jdk/internal/vm/Continuation.run;jdk/internal/vm/Continuation.enterSpecial;jdk/internal/vm/Continuation.enter;jdk/internal/vm/Continuation.enter0;java/lang/VirtualThread$VThreadContinuation$1.run;java/lang/VirtualThread.run;java/lang/Thread.runWith;uk/ac/ncl/jensen/benchmark/VThreadTransitionBenchmark$$Lambda.0x000073fb0c029bb0.run;uk/ac/ncl/jensen/benchmark/VThreadTransitionBenchmark.lambda$transition_yield$0;java/lang/Thread.yield;java/lang/VirtualThread.tryYield;java/lang/VirtualThread.yieldContinuation;_notify_jvmti_vthread_mount;SharedRuntime::notify_jvmti_vthread_mount;JvmtiVTMSTransitionDisabler::VTMS_vthread_mount;JvmtiVTMSTransitionDisabler::finish_VTMS_transition 3
java/util/concurrent/ForkJoinWorkerThread.run;java/util/concurrent/ForkJoinPool.runWorker;java/util/concurrent/ForkJoinPool.scan;java/util/concurrent/ForkJoinPool$WorkQueue.topLevelExec;java/util/concurrent/ForkJoinTask.doExec;java/util/concurrent/ForkJoinTask$AdaptedRunnableAction.exec;java/lang/VirtualThread$$Lambda.0x000073fb0c039ae0.run;java/lang/VirtualThread.runContinuation;jdk/internal/vm/Continuation.run;jdk/internal/vm/Continuation.enterSpecial;jdk/internal/vm/Continuation.enter;jdk/internal/vm/Continuation.enter0;java/lang/VirtualThread$VThreadContinuation$1.run;java/lang/VirtualThread.run;java/lang/Thread.runWith;uk/ac/ncl/jensen/benchmark/VThreadTransitionBenchmark$$Lambda.0x000073fb0c029bb0.run;uk/ac/ncl/jensen/benchmark/VThreadTransitionBenchmark.lambda$transition_yield$0;java/lang/Thread.yield;java/lang/VirtualThread.tryYield;java/lang/VirtualThread.yieldContinuation;jdk/internal/vm/Continuation.yield;jdk/internal/vm/Continuation.yield0 2
java/util/concurrent/ForkJoinWorkerThread.run;java/util/concurrent/ForkJoinPool.runWorker;java/util/concurrent/ForkJoinPool.scan;java/util/concurrent/ForkJoinPool$WorkQueue.topLevelExec;java/util/concurrent/ForkJoinTask.doExec;java/util/concurrent/ForkJoinTask$AdaptedRunnableAction.exec;java/lang/VirtualThread$$Lambda.0x000073fb0c039ae0.run;java/lang/VirtualThread.runContinuation;jdk/internal/vm/Continuation.run;jdk/internal/vm/Continuation.enterSpecial;int freeze<Config<(oop_kind)0, G1BarrierSet> >;FreezeBase::freeze_fast_copy;/usr/lib/x86_64-linux-gnu/libc.so.6 4
java/util/concurrent/ForkJoinWorkerThread.run;java/util/concurrent/ForkJoinPool.runWorker 3
java/util/concurrent/ForkJoinWorkerThread.run;java/util/concurrent/ForkJoinPool.runWorker;java/util/concurrent/ForkJoinPool.scan;java/util/concurrent/ForkJoinPool$WorkQueue.topLevelExec;java/util/concurrent/ForkJoinTask.doExec;java/util/concurrent/ForkJoinTask$AdaptedRunnableAction.exec;java/lang/VirtualThread$$Lambda.0x000073fb0c039ae0.run;java/lang/VirtualThread.runContinuation;jdk/internal/vm/Continuation.run;jdk/internal/vm/Continuation.enterSpecial;jdk/internal/vm/Continuation.enter;jdk/internal/vm/Continuation.enter0;java/lang/VirtualThread$VThreadContinuation$1.run;java/lang/VirtualThread.run;java/lang/Thread.runWith;uk/ac/ncl/jensen/benchmark/VThreadTransitionBenchmark$$Lambda.0x000073fb0c029bb0.run;uk/ac/ncl/jensen/benchmark/VThreadTransitionBenchmark.lambda$transition_yield$0;java/lang/Thread.yield;java/lang/VirtualThread.tryYield;java/lang/VirtualThread.yieldContinuation;_notify_jvmti_vthread_mount;SharedRuntime::notify_jvmti_vthread_mount;JvmtiVTMSTransitionDisabler::VTMS_vthread_mount;JvmtiVTMSTransitionDisabler::VTMS_mount_end 3
java/util/concurrent/ForkJoinWorkerThread.run;java/util/concurrent/ForkJoinPool.runWorker 3
_notify_jvmti_vthread_unmount 3
java/util/concurrent/ForkJoinWorkerThread.run;java/util/concurrent/ForkJoinPool.runWorker;java/util/concurrent/ForkJoinPool.scan;java/util/concurrent/ForkJoinPool$WorkQueue.topLevelExec;java/util/concurrent/ForkJoinPool$WorkQueue.tryPoll 3
java/util/concurrent/ForkJoinWorkerThread.run;java/util/concurrent/ForkJoinPool.runWorker;java/util/concurrent/ForkJoinPool.scan;java/util/concurrent/ForkJoinPool$WorkQueue.topLevelExec;java/util/concurrent/ForkJoinTask.doExec;java/util/concurrent/ForkJoinTask$AdaptedRunnableAction.exec;java/lang/VirtualThread$$Lambda.0x000073fb0c039ae0.run;java/lang/VirtualThread.runContinuation;java/lang/VirtualThread.unmount;_notify_jvmti_vthread_unmount;SharedRuntime::notify_jvmti_vthread_unmount;JvmtiVTMSTransitionDisabler::finish_VTMS_transition;JNIHandles::resolve_external_guard 1
java/util/concurrent/ForkJoinWorkerThread.run;java/util/concurrent/ForkJoinPool.runWorker;java/util/concurrent/ForkJoinPool.scan;java/util/concurrent/ForkJoinPool$WorkQueue.topLevelExec;java/util/concurrent/ForkJoinTask.doExec;java/util/concurrent/ForkJoinTask$AdaptedRunnableAction.exec;java/lang/VirtualThread$$Lambda.0x000073fb0c039ae0.run;java/lang/VirtualThread.runContinuation;jdk/internal/vm/Continuation.run;jdk/internal/vm/Continuation.enterSpecial;jdk/internal/vm/Continuation.enter;jdk/internal/vm/Continuation.enter0;java/lang/VirtualThread$VThreadContinuation$1.run;java/lang/VirtualThread.run;java/lang/Thread.runWith;uk/ac/ncl/jensen/benchmark/VThreadTransitionBenchmark$$Lambda.0x000073fb0c029bb0.run;uk/ac/ncl/jensen/benchmark/VThreadTransitionBenchmark.lambda$transition_yield$0;java/lang/Thread.yield;java/lang/VirtualThread.tryYield;java/lang/VirtualThread.yieldContinuation;_notify_jvmti_vthread_unmount;SharedRuntime::notify_jvmti_vthread_unmount;JavaThread::rebind_to_jvmti_thread_state_of 2
java/util/concurrent/ForkJoinWorkerThread.run;java/util/concurrent/ForkJoinPool.runWorker;java/util/concurrent/ForkJoinPool.scan;java/util/concurrent/ForkJoinPool$WorkQueue.topLevelExec;java/util/concurrent/ForkJoinTask.doExec;java/util/concurrent/ForkJoinTask$AdaptedRunnableAction.exec;java/lang/VirtualThread$$Lambda.0x000073fb0c039ae0.run;java/lang/VirtualThread.runContinuation;jdk/internal/vm/Continuation.run;jdk/internal/vm/Continuation.enterSpecial;jdk/internal/vm/Continuation.enter;jdk/internal/vm/Continuation.enter0;java/lang/VirtualThread$VThreadContinuation$1.run;java/lang/VirtualThread.run;java/lang/Thread.runWith;uk/ac/ncl/jensen/benchmark/VThreadTransitionBenchmark$$Lambda.0x000073fb0c029bb0.run;uk/ac/ncl/jensen/benchmark/VThreadTransitionBenchmark.lambda$transition_yield$0;java/lang/Thread.yield;java/lang/VirtualThread.tryYield;java/lang/VirtualThread.yieldContinuation;_notify_jvmti_vthread_unmount;SharedRuntime::notify_jvmti_vthread_unmount;JvmtiVTMSTransitionDisabler::VTMS_vthread_unmount;JvmtiVTMSTransitionDisabler::start_VTMS_transition;__tls_get_addr@plt 1
java/util/concurrent/ForkJoinWorkerThread.run;java/util/concurrent/ForkJoinPool.runWorker;java/util/concurrent/ForkJoinPool.scan;java/util/concurrent/ForkJoinPool$WorkQueue.topLevelExec;java/util/concurrent/ForkJoinTask.doExec;java/util/concurrent/ForkJoinTask$AdaptedRunnableAction.exec;java/lang/VirtualThread$$Lambda.0x000073fb0c039ae0.run;java/lang/VirtualThread.runContinuation;jdk/internal/vm/Continuation.run;jdk/internal/vm/Continuation.enterSpecial;jdk/internal/vm/Continuation.enter;jdk/internal/vm/Continuation.enter0;java/lang/VirtualThread$VThreadContinuation$1.run;java/lang/VirtualThread.run;java/lang/Thread.runWith;uk/ac/ncl/jensen/benchmark/VThreadTransitionBenchmark$$Lambda.0x000073fb0c029bb0.run;uk/ac/ncl/jensen/benchmark/VThreadTransitionBenchmark.lambda$transition_yield$0;java/lang/Thread.yield;java/lang/VirtualThread.tryYield;java/lang/VirtualThread.yieldContinuation;_notify_jvmti_vthread_unmount;SharedRuntime::notify_jvmti_vthread_unmount;JNIHandles::make_local 1
java/util/concurrent/ForkJoinWorkerThread.run;java/util/concurrent/ForkJoinPool.runWorker 220
java/util/concurrent/ForkJoinWorkerThread.run;java/util/concurrent/ForkJoinPool.runWorker;java/util/concurrent/ForkJoinPool.scan;java/util/concurrent/ForkJoinPool$WorkQueue.topLevelExec;java/util/concurrent/ForkJoinTask.doExec;java/util/concurrent/ForkJoinTask$AdaptedRunnableAction.exec;java/lang/VirtualThread$$Lambda.0x000073fb0c039ae0.run;java/lang/VirtualThread.runContinuation;java/lang/VirtualThread.mount;_notify_jvmti_vthread_mount 1
java/util/concurrent/ForkJoinWorkerThread.run;java/util/concurrent/ForkJoinPool.runWorker;java/util/concurrent/ForkJoinPool.scan;java/util/concurrent/ForkJoinPool$WorkQueue.topLevelExec;java/util/concurrent/ForkJoinTask.doExec;java/util/concurrent/ForkJoinTask$AdaptedRunnableAction.exec;java/lang/VirtualThread$$Lambda.0x000073fb0c039ae0.run;java/lang/VirtualThread.runContinuation;java/lang/VirtualThread.afterYield;java/lang/VirtualThread.externalSubmitRunContinuation;java/util/concurrent/ForkJoinPool.externalSubmit;java/util/concurrent/ForkJoinPool$WorkQueue.push;java/util/concurrent/ForkJoinPool.signalWork;java/util/concurrent/locks/LockSupport.unpark;jdk/internal/misc/Unsafe.unpark;Unsafe_Unpark;SafeThreadsListPtr::release_stable_list 4
java/util/concurrent/ForkJoinWorkerThread.run;java/util/concurrent/ForkJoinPool.runWorker;java/util/concurrent/ForkJoinPool.scan;java/util/concurrent/ForkJoinPool$WorkQueue.topLevelExec;java/util/concurrent/ForkJoinTask.doExec;java/util/concurrent/ForkJoinTask$AdaptedRunnableAction.exec;java/lang/VirtualThread$$Lambda.0x000073fb0c039ae0.run;java/lang/VirtualThread.runContinuation;java/lang/VirtualThread.afterYield;java/lang/VirtualThread.externalSubmitRunContinuation;java/util/concurrent/ForkJoinTask.adapt 2
java/util/concurrent/ForkJoinWorkerThread.run;java/util/concurrent/ForkJoinPool.runWorker;java/util/concurrent/ForkJoinPool.scan;java/util/concurrent/ForkJoinPool$WorkQueue.topLevelExec;java/util/concurrent/ForkJoinTask.doExec;java/util/concurrent/ForkJoinTask$AdaptedRunnableAction.exec;java/lang/VirtualThread$$Lambda.0x000073fb0c039ae0.run;java/lang/VirtualThread.runContinuation;java/lang/VirtualThread.afterYield;java/lang/VirtualThread.externalSubmitRunContinuation;java/util/concurrent/ForkJoinPool.externalSubmit;java/util/concurrent/ForkJoinPool$WorkQueue.push;java/util/concurrent/ForkJoinPool$WorkQueue.getAndSetAccess 87
java/util/concurrent/ForkJoinWorkerThread.run;java/util/concurrent/ForkJoinPool.runWorker;java/util/concurrent/ForkJoinPool.scan;java/util/concurrent/ForkJoinPool$WorkQueue.topLevelExec;java/util/concurrent/ForkJoinTask.doExec;java/util/concurrent/ForkJoinTask$AdaptedRunnableAction.exec;java/lang/VirtualThread$$Lambda.0x000073fb0c039ae0.run;java/lang/VirtualThread.runContinuation;jdk/internal/vm/Continuation.run;java/lang/System$2.setScopedValueCache 20
java/util/concurrent/ForkJoinWorkerThread.run;java/util/concurrent/ForkJoinPool.runWorker;java/util/concurrent/ForkJoinPool.scan;java/util/concurrent/ForkJoinPool$WorkQueue.topLevelExec;java/util/concurrent/ForkJoinTask.doExec;java/util/concurrent/ForkJoinTask$AdaptedRunnableAction.exec;java/lang/VirtualThread$$Lambda.0x000073fb0c039ae0.run;java/lang/VirtualThread.runContinuation;jdk/internal/vm/Continuation.run;jdk/internal/vm/Continuation.enterSpecial;jdk/internal/vm/Continuation.enter;jdk/internal/vm/Continuation.enter0;java/lang/VirtualThread$VThreadContinuation$1.run;java/lang/VirtualThread.run;java/lang/Thread.runWith;uk/ac/ncl/jensen/benchmark/VThreadTransitionBenchmark$$Lambda.0x000073fb0c029bb0.run;uk/ac/ncl/jensen/benchmark/VThreadTransitionBenchmark.lambda$transition_yield$0;java/lang/Thread.yield;java/lang/VirtualThread.tryYield;java/lang/VirtualThread.yieldContinuation;_notify_jvmti_vthread_mount;SharedRuntime::notify_jvmti_vthread_mount;JNIHandleBlock::allocate_handle 3
java/util/concurrent/ForkJoinWorkerThread.run;java/util/concurrent/ForkJoinPool.runWorker;java/util/concurrent/ForkJoinPool.awaitWork;java/util/concurrent/locks/LockSupport.park;jdk/internal/misc/Unsafe.park;Unsafe_Park;Parker::park 8
java/util/concurrent/ForkJoinWorkerThread.run;java/util/concurrent/ForkJoinPool.runWorker;java/util/concurrent/ForkJoinPool.scan;java/util/concurrent/ForkJoinPool$WorkQueue.topLevelExec;java/util/concurrent/ForkJoinTask.doExec;java/util/concurrent/ForkJoinTask$AdaptedRunnableAction.exec;java/lang/VirtualThread$$Lambda.0x000073fb0c039ae0.run;java/lang/VirtualThread.runContinuation;jdk/internal/vm/Continuation.run;jdk/internal/vm/Continuation.enterSpecial;jdk/internal/vm/Continuation.enter;jdk/internal/vm/Continuation.enter0;java/lang/VirtualThread$VThreadContinuation$1.run;java/lang/VirtualThread.run;java/lang/Thread.runWith;uk/ac/ncl/jensen/benchmark/VThreadTransitionBenchmark$$Lambda.0x000073fb0c029bb0.run;uk/ac/ncl/jensen/benchmark/VThreadTransitionBenchmark.lambda$transition_yield$0;java/lang/Thread.yield;java/lang/VirtualThread.tryYield;java/lang/VirtualThread.yieldContinuation 1
java/util/concurrent/ForkJoinWorkerThread.run;java/util/concurrent/ForkJoinPool.runWorker;java/util/concurrent/ForkJoinPool.scan;java/util/concurrent/ForkJoinPool$WorkQueue.topLevelExec;java/util/concurrent/ForkJoinTask.doExec;java/util/concurrent/ForkJoinTask$AdaptedRunnableAction.exec;java/lang/VirtualThread$$Lambda.0x000073fb0c039ae0.run;java/lang/VirtualThread.runContinuation;jdk/internal/vm/Continuation.run;jdk/internal/vm/Continuation.enterSpecial;jdk/internal/vm/Continuation.enter;jdk/internal/vm/Continuation.enter0;java/lang/VirtualThread$VThreadContinuation$1.run;java/lang/VirtualThread.run;java/lang/Thread.runWith;uk/ac/ncl/jensen/benchmark/VThreadTransitionBenchmark$$Lambda.0x000073fb0c029bb0.run;uk/ac/ncl/jensen/benchmark/VThreadTransitionBenchmark.lambda$transition_yield$0;java/lang/Thread.yield;java/lang/VirtualThread.tryYield;java/lang/VirtualThread.yieldContinuation;_notify_jvmti_vthread_mount;SharedRuntime::notify_jvmti_vthread_mount;JNIHandles::make_local;__tls_get_addr@plt 1
java/util/concurrent/ForkJoinWorkerThread.run;java/util/concurrent/ForkJoinPool.runWorker;java/util/concurrent/ForkJoinPool.awaitWork 697
java/util/concurrent/ForkJoinWorkerThread.run;java/util/concurrent/ForkJoinPool.runWorker;java/util/concurrent/ForkJoinPool.scan 12
java/util/concurrent/ForkJoinWorkerThread.run;java/util/concurrent/ForkJoinPool.runWorker;java/util/concurrent/ForkJoinPool.scan 6
java/util/concurrent/ForkJoinWorkerThread.run;java/util/concurrent/ForkJoinPool.runWorker;java/util/concurrent/ForkJoinPool.scan;java/util/concurrent/ForkJoinPool$WorkQueue.topLevelExec;java/util/concurrent/ForkJoinTask.doExec;java/util/concurrent/ForkJoinTask$AdaptedRunnableAction.exec;java/lang/VirtualThread$$Lambda.0x000073fb0c039ae0.run;java/lang/VirtualThread.runContinuation 26
java/util/concurrent/ForkJoinWorkerThread.run;java/util/concurrent/ForkJoinPool.runWorker;java/util/concurrent/ForkJoinPool.awaitWork 1
java/util/concurrent/ForkJoinWorkerThread.run;java/util/concurrent/ForkJoinPool.runWorker 1
java/util/concurrent/ForkJoinWorkerThread.run;java/util/concurrent/ForkJoinPool.runWorker;java/util/concurrent/ForkJoinPool.scan 2
java/util/concurrent/ForkJoinWorkerThread.run;java/util/concurrent/ForkJoinPool.runWorker;java/util/concurrent/ForkJoinPool.awaitWork;java/util/concurrent/locks/LockSupport.park;jdk/internal/misc/Unsafe.park;Unsafe_Park;ThreadInVMfromNative::ThreadInVMfromNative 1
java/util/concurrent/ForkJoinWorkerThread.run;java/util/concurrent/ForkJoinPool.runWorker;java/util/concurrent/ForkJoinPool.scan;java/util/concurrent/ForkJoinPool$WorkQueue.topLevelExec;java/util/concurrent/ForkJoinTask.doExec;java/util/concurrent/ForkJoinTask$AdaptedRunnableAction.exec;java/lang/VirtualThread$$Lambda.0x000073fb0c039ae0.run;java/lang/VirtualThread.runContinuation;jdk/internal/vm/Continuation.run;jdk/internal/vm/Continuation.enterSpecial;jdk/internal/vm/Continuation.enter;jdk/internal/vm/Continuation.enter0;java/lang/VirtualThread$VThreadContinuation$1.run;java/lang/VirtualThread.run;java/lang/Thread.runWith;uk/ac/ncl/jensen/benchmark/VThreadTransitionBenchmark$$Lambda.0x000073fb0c029bb0.run;uk/ac/ncl/jensen/benchmark/VThreadTransitionBenchmark.lambda$transition_yield$0;java/lang/Thread.yield;java/lang/VirtualThread.tryYield;java/lang/VirtualThread.yieldContinuation;_notify_jvmti_vthread_mount;SharedRuntime::notify_jvmti_vthread_mount;JvmtiVTMSTransitionDisabler::VTMS_vthread_mount;JvmtiVTMSTransitionDisabler::VTMS_mount_end;__pthread_mutex_unlock 6
java/util/concurrent/ForkJoinWorkerThread.run;java/util/concurrent/ForkJoinPool.runWorker;java/util/concurrent/ForkJoinPool.awaitWork 96
java/util/concurrent/ForkJoinWorkerThread.run;java/util/concurrent/ForkJoinPool.runWorker;java/util/concurrent/ForkJoinPool.scan;java/util/concurrent/ForkJoinPool$WorkQueue.topLevelExec;java/util/concurrent/ForkJoinTask.doExec;java/util/concurrent/ForkJoinTask$AdaptedRunnableAction.exec;java/lang/VirtualThread$$Lambda.0x000073fb0c039ae0.run;java/lang/VirtualThread.runContinuation;jdk/internal/vm/Continuation.run;jdk/internal/vm/Continuation.enterSpecial;jdk/internal/vm/Continuation.enter;jdk/internal/vm/Continuation.enter0;java/lang/VirtualThread$VThreadContinuation$1.run;java/lang/VirtualThread.run;java/lang/Thread.runWith;uk/ac/ncl/jensen/benchmark/VThreadTransitionBenchmark$$Lambda.0x000073fb0c029bb0.run;uk/ac/ncl/jensen/benchmark/VThreadTransitionBenchmark.lambda$transition_yield$0;java/lang/Thread.yield;java/lang/VirtualThread.tryYield;java/lang/VirtualThread.setState 1
java/util/concurrent/ForkJoinWorkerThread.run;java/util/concurrent/ForkJoinPool.runWorker;java/util/concurrent/ForkJoinPool.awaitWork;java/util/concurrent/locks/LockSupport.park;jdk/internal/misc/Unsafe.park;Unsafe_Park;Parker::park;__pthread_mutex_unlock;/usr/lib/x86_64-linux-gnu/libc.so.6 6
java/util/concurrent/ForkJoinWorkerThread.run;java/util/concurrent/ForkJoinPool.runWorker;java/util/concurrent/ForkJoinPool.scan;java/util/concurrent/ForkJoinPool$WorkQueue.topLevelExec;java/util/concurrent/ForkJoinTask.doExec;java/util/concurrent/ForkJoinTask$AdaptedRunnableAction.exec;java/lang/VirtualThread$$Lambda.0x000073fb0c039ae0.run;java/lang/VirtualThread.runContinuation;jdk/internal/vm/Continuation.run;jdk/internal/vm/Continuation.enterSpecial;jdk/internal/vm/Continuation.enter;jdk/internal/vm/Continuation.enter0;java/lang/VirtualThread$VThreadContinuation$1.run;java/lang/VirtualThread.run;java/lang/Thread.runWith;uk/ac/ncl/jensen/benchmark/VThreadTransitionBenchmark$$Lambda.0x000073fb0c029bb0.run;uk/ac/ncl/jensen/benchmark/VThreadTransitionBenchmark.lambda$transition_yield$0;java/lang/Thread.yield;java/lang/VirtualThread.tryYield;java/lang/VirtualThread.yieldContinuation;_notify_jvmti_vthread_unmount;SharedRuntime::notify_jvmti_vthread_unmount;JvmtiVTMSTransitionDisabler::VTMS_vthread_unmount;JvmtiVTMSTransitionDisabler::start_VTMS_transition;HandleMark::initialize 2
java/util/concurrent/ForkJoinWorkerThread.run;java/util/concurrent/ForkJoinPool.runWorker;java/util/concurrent/ForkJoinPool.scan;java/util/concurrent/ForkJoinPool$WorkQueue.topLevelExec;java/util/concurrent/ForkJoinTask.doExec;java/util/concurrent/ForkJoinTask$AdaptedRunnableAction.exec;java/lang/VirtualThread$$Lambda.0x000073fb0c039ae0.run;java/lang/VirtualThread.runContinuation;java/lang/VirtualThread.afterYield;java/lang/VirtualThread.externalSubmitRunContinuation;java/util/concurrent/ForkJoinPool.externalSubmit;java/util/concurrent/ForkJoinPool.submissionQueue;java/util/concurrent/ForkJoinPool$WorkQueue.getAndSetAccess 8
java/util/concurrent/ForkJoinWorkerThread.run;java/util/concurrent/ForkJoinPool.runWorker;java/util/concurrent/ForkJoinPool.scan 9
java/util/concurrent/ForkJoinWorkerThread.run;java/util/concurrent/ForkJoinPool.runWorker;java/util/concurrent/ForkJoinPool.scan;java/util/concurrent/ForkJoinPool$WorkQueue.topLevelExec;java/util/concurrent/ForkJoinTask.doExec;java/util/concurrent/ForkJoinTask$AdaptedRunnableAction.exec;java/lang/VirtualThread$$Lambda.0x000073fb0c039ae0.run;java/lang/VirtualThread.runContinuation;jdk/internal/vm/Continuation.run;jdk/internal/vm/Continuation.enterSpecial;jdk/internal/vm/Continuation.enter;jdk/internal/vm/Continuation.enter0;java/lang/VirtualThread$VThreadContinuation$1.run;java/lang/VirtualThread.run;java/lang/Thread.runWith;uk/ac/ncl/jensen/benchmark/VThreadTransitionBenchmark$$Lambda.0x000073fb0c029bb0.run;uk/ac/ncl/jensen/benchmark/VThreadTransitionBenchmark.lambda$transition_yield$0;java/lang/Thread.yield;java/lang/VirtualThread.tryYield;java/lang/VirtualThread.yieldContinuation;jdk/internal/vm/Continuation.yield;jdk/internal/vm/Continuation.yield0;jdk/internal/vm/Continuation.doYield;int freeze<Config<(oop_kind)0, G1BarrierSet> >;FreezeBase::freeze_fast_copy 1
java/util/concurrent/ForkJoinWorkerThread.run;java/util/concurrent/ForkJoinPool.runWorker;java/util/concurrent/ForkJoinPool.scan;java/util/concurrent/ForkJoinPool$WorkQueue.topLevelExec;java/util/concurrent/ForkJoinTask.doExec;java/util/concurrent/ForkJoinTask$AdaptedRunnableAction.exec;java/lang/VirtualThread$$Lambda.0x000073fb0c039ae0.run;java/lang/VirtualThread.runContinuation;java/lang/VirtualThread.unmount;_notify_jvmti_vthread_unmount;SharedRuntime::notify_jvmti_vthread_unmount;JvmtiVTMSTransitionDisabler::finish_VTMS_transition;java_lang_Thread::set_is_in_VTMS_transition 10
java/util/concurrent/ForkJoinWorkerThread.run;java/util/concurrent/ForkJoinPool.runWorker;java/util/concurrent/ForkJoinPool.scan;java/util/concurrent/ForkJoinPool$WorkQueue.topLevelExec;java/util/concurrent/ForkJoinPool$WorkQueue.tryPoll 1
java/util/concurrent/ForkJoinWorkerThread.run;java/util/concurrent/ForkJoinPool.runWorker;java/util/concurrent/ForkJoinPool.awaitWork 2
java/util/concurrent/ForkJoinWorkerThread.run;java/util/concurrent/ForkJoinPool.runWorker;java/util/concurrent/ForkJoinPool.scan 1
java/util/concurrent/ForkJoinWorkerThread.run;java/util/concurrent/ForkJoinPool.runWorker;java/util/concurrent/ForkJoinPool.scan;java/util/concurrent/ForkJoinPool$WorkQueue.topLevelExec;java/util/concurrent/ForkJoinTask.doExec;java/util/concurrent/ForkJoinTask$AdaptedRunnableAction.exec;java/lang/VirtualThread$$Lambda.0x000073fb0c039ae0.run;java/lang/VirtualThread.runContinuation;java/lang/VirtualThread.afterYield;java/lang/VirtualThread.externalSubmitRunContinuation;java/util/concurrent/ForkJoinPool.externalSubmit;java/util/concurrent/ForkJoinPool$WorkQueue.push;java/util/concurrent/ForkJoinPool.signalWork;java/util/concurrent/locks/LockSupport.unpark;jdk/internal/misc/Unsafe.unpark;Unsafe_Unpark;pthread_cond_signal 37
java/util/concurrent/ForkJoinWorkerThread.run;java/util/concurrent/ForkJoinPool.runWorker;java/util/concurrent/ForkJoinPool.scan;java/util/concurrent/ForkJoinPool$WorkQueue.topLevelExec;java/util/concurrent/ForkJoinTask.doExec;java/util/concurrent/ForkJoinTask$AdaptedRunnableAction.exec;java/lang/VirtualThread$$Lambda.0x000073fb0c039ae0.run;java/lang/VirtualThread.runContinuation;jdk/internal/vm/Continuation.run;jdk/internal/vm/Continuation.enterSpecial;jdk/internal/vm/Continuation.enter;jdk/internal/vm/Continuation.enter0;java/lang/VirtualThread$VThreadContinuation$1.run;java/lang/VirtualThread.run;java/lang/Thread.runWith;uk/ac/ncl/jensen/benchmark/VThreadTransitionBenchmark$$Lambda.0x000073fb0c029bb0.run;uk/ac/ncl/jensen/benchmark/VThreadTransitionBenchmark.lambda$transition_yield$0;java/lang/Thread.yield;java/lang/VirtualThread.tryYield;java/lang/VirtualThread.yieldContinuation;_notify_jvmti_vthread_mount;SharedRuntime::notify_jvmti_vthread_mount 5
java/util/concurrent/ForkJoinWorkerThread.run;java/util/concurrent/ForkJoinPool.runWorker;java/util/concurrent/ForkJoinPool.awaitWork;java/util/concurrent/locks/LockSupport.park;jdk/internal/misc/Unsafe.park;Unsafe_Park;JavaThread::threadObj 1
java/lang/Thread.run;java/lang/Thread.runWith;java/util/concurrent/ThreadPoolExecutor$Worker.run;java/util/concurrent/ThreadPoolExecutor.runWorker;java/util/concurrent/FutureTask.run;java/util/concurrent/Executors$RunnableAdapter.call;java/util/concurrent/FutureTask.run;org/openjdk/jmh/runner/BenchmarkHandler$BenchmarkTask.call;org/openjdk/jmh/runner/BenchmarkHandler$BenchmarkTask.call;java/lang/reflect/Method.invoke;jdk/internal/reflect/DirectMethodHandleAccessor.invoke;jdk/internal/reflect/DirectMethodHandleAccessor.invokeImpl;java/lang/invoke/LambdaForm$MH.0x000073fb0c02e800.invokeExact_MT;java/lang/invoke/LambdaForm$MH.0x000073fb0c02e400.invoke;java/lang/invoke/DirectMethodHandle$Holder.invokeSpecial;uk/ac/ncl/jensen/benchmark/jmh_generated/VThreadTransitionBenchmark_transition_yield_jmhTest.transition_yield_AverageTime;uk/ac/ncl/jensen/benchmark/jmh_generated/VThreadTransitionBenchmark_transition_yield_jmhTest.transition_yield_avgt_jmhStub;uk/ac/ncl/jensen/benchmark/VThreadTransitionBenchmark.transition_yield;java/lang/Thread.join;java/lang/Thread.join;java/lang/VirtualThread.joinNanos;java/util/concurrent/CountDownLatch.await;java/util/concurrent/locks/AbstractQueuedSynchronizer.acquireSharedInterruptibly;java/util/concurrent/locks/AbstractQueuedSynchronizer.acquire;java/util/concurrent/locks/LockSupport.park;jdk/internal/misc/Unsafe.park;Unsafe_Park;Parker::park 1
java/util/concurrent/ForkJoinWorkerThread.run;java/util/concurrent/ForkJoinPool.runWorker;java/util/concurrent/ForkJoinPool.scan;java/util/concurrent/ForkJoinPool$WorkQueue.topLevelExec;java/util/concurrent/ForkJoinPool$WorkQueue.tryPoll 5
java/util/concurrent/ForkJoinWorkerThread.run;java/util/concurrent/ForkJoinPool.runWorker;java/util/concurrent/ForkJoinPool.scan;java/util/concurrent/ForkJoinPool$WorkQueue.topLevelExec;java/util/concurrent/ForkJoinTask.doExec;java/util/concurrent/ForkJoinTask$AdaptedRunnableAction.exec;java/lang/VirtualThread$$Lambda.0x000073fb0c039ae0.run;java/lang/VirtualThread.runContinuation;java/lang/VirtualThread.afterYield;java/lang/VirtualThread.externalSubmitRunContinuation;java/util/concurrent/ForkJoinPool.externalSubmit;java/util/concurrent/ForkJoinPool$WorkQueue.push;java/util/concurrent/ForkJoinPool.signalWork 1
java/util/concurrent/ForkJoinWorkerThread.run;java/util/concurrent/ForkJoinPool.runWorker;java/util/concurrent/ForkJoinPool.scan;java/util/concurrent/ForkJoinPool$WorkQueue.topLevelExec;java/util/concurrent/ForkJoinTask.doExec;java/util/concurrent/ForkJoinTask$AdaptedRunnableAction.exec;java/lang/VirtualThread$$Lambda.0x000073fb0c039ae0.run;java/lang/VirtualThread.runContinuation;jdk/internal/vm/Continuation.run;jdk/internal/vm/Continuation.enterSpecial;jdk/internal/vm/Continuation.enter;jdk/internal/vm/Continuation.enter0;java/lang/VirtualThread$VThreadContinuation$1.run;java/lang/VirtualThread.run;java/lang/Thread.runWith;uk/ac/ncl/jensen/benchmark/VThreadTransitionBenchmark$$Lambda.0x000073fb0c029bb0.run;uk/ac/ncl/jensen/benchmark/VThreadTransitionBenchmark.lambda$transition_yield$0;java/lang/Thread.yield;java/lang/VirtualThread.tryYield;java/lang/VirtualThread.yieldContinuation;jdk/internal/vm/Continuation.yield;jdk/internal/vm/Continuation.yield0;jdk/internal/vm/Continuation.doYield;int freeze<Config<(oop_kind)0, G1BarrierSet> > 1
java/util/concurrent/ForkJoinWorkerThread.run;java/util/concurrent/ForkJoinPool.runWorker;java/util/concurrent/ForkJoinPool.scan;java/util/concurrent/ForkJoinPool$WorkQueue.topLevelExec;java/util/concurrent/ForkJoinPool$WorkQueue.tryPoll 26
java/util/concurrent/ForkJoinWorkerThread.run;java/util/concurrent/ForkJoinPool.runWorker;java/util/concurrent/ForkJoinPool.scan 13
java/util/concurrent/ForkJoinWorkerThread.run;java/util/concurrent/ForkJoinPool.runWorker;java/util/concurrent/ForkJoinPool.scan;java/util/concurrent/ForkJoinPool$WorkQueue.topLevelExec;java/util/concurrent/ForkJoinTask.doExec;java/util/concurrent/ForkJoinTask$AdaptedRunnableAction.exec;java/lang/VirtualThread$$Lambda.0x000073fb0c039ae0.run;java/lang/VirtualThread.runContinuation;jdk/internal/vm/Continuation.run;jdk/internal/vm/Continuation.enterSpecial;jdk/internal/vm/Continuation.enter;jdk/internal/vm/Continuation.enter0;java/lang/VirtualThread$VThreadContinuation$1.run;java/lang/VirtualThread.run;java/lang/Thread.runWith;uk/ac/ncl/jensen/benchmark/VThreadTransitionBenchmark$$Lambda.0x000073fb0c029bb0.run;uk/ac/ncl/jensen/benchmark/VThreadTransitionBenchmark.lambda$transition_yield$0;java/lang/Thread.yield;java/lang/VirtualThread.tryYield;java/lang/VirtualThread.yieldContinuation;_notify_jvmti_vthread_unmount;SharedRuntime::notify_jvmti_vthread_unmount 3
java/util/concurrent/ForkJoinWorkerThread.run;java/util/concurrent/ForkJoinPool.runWorker;java/util/concurrent/ForkJoinPool.scan;java/util/concurrent/ForkJoinPool$WorkQueue.topLevelExec;java/util/concurrent/ForkJoinTask.doExec;java/util/concurrent/ForkJoinTask$AdaptedRunnableAction.exec;java/lang/VirtualThread$$Lambda.0x000073fb0c039ae0.run;java/lang/VirtualThread.runContinuation;jdk/internal/vm/Continuation.run 1
java/util/concurrent/ForkJoinWorkerThread.run;java/util/concurrent/ForkJoinPool.runWorker;java/util/concurrent/ForkJoinPool.scan 4
java/lang/Thread.run;java/lang/Thread.runWith;java/util/concurrent/ThreadPoolExecutor$Worker.run;java/util/concurrent/ThreadPoolExecutor.runWorker;java/util/concurrent/FutureTask.run;java/util/concurrent/Executors$RunnableAdapter.call;java/util/concurrent/FutureTask.run;org/openjdk/jmh/runner/BenchmarkHandler$BenchmarkTask.call;org/openjdk/jmh/runner/BenchmarkHandler$BenchmarkTask.call;java/lang/reflect/Method.invoke;jdk/internal/reflect/DirectMethodHandleAccessor.invoke;jdk/internal/reflect/DirectMethodHandleAccessor.invokeImpl;java/lang/invoke/LambdaForm$MH.0x000073fb0c02e800.invokeExact_MT;java/lang/invoke/LambdaForm$MH.0x000073fb0c02e400.invoke;java/lang/invoke/DirectMethodHandle$Holder.invokeSpecial;uk/ac/ncl/jensen/benchmark/jmh_generated/VThreadTransitionBenchmark_transition_yield_jmhTest.transition_yield_AverageTime;uk/ac/ncl/jensen/benchmark/jmh_generated/VThreadTransitionBenchmark_transition_yield_jmhTest.transition_yield_avgt_jmhStub;uk/ac/ncl/jensen/benchmark/VThreadTransitionBenchmark.transition_yield;java/lang/Thread.join;java/lang/Thread.join;java/lang/VirtualThread.joinNanos;java/util/concurrent/CountDownLatch.await;java/util/concurrent/locks/AbstractQueuedSynchronizer.acquireSharedInterruptibly;java/util/concurrent/locks/AbstractQueuedSynchronizer.acquire;java/util/concurrent/locks/LockSupport.park;jdk/internal/misc/Unsafe.park;Unsafe_Park;Parker::park;__pthread_mutex_unlock;/usr/lib/x86_64-linux-gnu/libc.so.6 1
java/util/concurrent/ForkJoinWorkerThread.run;java/util/concurrent/ForkJoinPool.runWorker;java/util/concurrent/ForkJoinPool.scan;java/util/concurrent/ForkJoinPool$WorkQueue.topLevelExec;java/util/concurrent/ForkJoinPool$WorkQueue.tryPoll 5
java/util/concurrent/ForkJoinWorkerThread.run;java/util/concurrent/ForkJoinPool.runWorker;java/util/concurrent/ForkJoinPool.scan;java/util/concurrent/ForkJoinPool$WorkQueue.topLevelExec;java/util/concurrent/ForkJoinTask.doExec;java/util/concurrent/ForkJoinTask.setDone;java/util/concurrent/ForkJoinTask.getAndBitwiseOrStatus;jdk/internal/misc/Unsafe.getAndBitwiseOrInt 15
java/util/concurrent/ForkJoinWorkerThread.run;java/util/concurrent/ForkJoinPool.runWorker 3
java/util/concurrent/ForkJoinWorkerThread.run;java/util/concurrent/ForkJoinPool.runWorker;java/util/concurrent/ForkJoinPool.awaitWork 1
java/util/concurrent/ForkJoinWorkerThread.run;java/util/concurrent/ForkJoinPool.runWorker;java/util/concurrent/ForkJoinPool.scan;java/util/concurrent/ForkJoinPool$WorkQueue.casSlotToNull 24
java/util/concurrent/ForkJoinWorkerThread.run;java/util/concurrent/ForkJoinPool.runWorker;java/util/concurrent/ForkJoinPool.awaitWork;java/util/concurrent/ForkJoinPool.compareAndExchangeCtl 66
java/util/concurrent/ForkJoinWorkerThread.run;java/util/concurrent/ForkJoinPool.runWorker;java/util/concurrent/ForkJoinPool.scan;java/util/concurrent/ForkJoinPool$WorkQueue.topLevelExec;java/util/concurrent/ForkJoinTask.doExec;java/util/concurrent/ForkJoinTask$AdaptedRunnableAction.exec;java/lang/VirtualThread$$Lambda.0x000073fb0c039ae0.run;java/lang/VirtualThread.runContinuation;jdk/internal/vm/Continuation.run 1
java/util/concurrent/ForkJoinWorkerThread.run;java/util/concurrent/ForkJoinPool.runWorker;java/util/concurrent/ForkJoinPool.awaitWork 1
java/util/concurrent/ForkJoinWorkerThread.run;java/util/concurrent/ForkJoinPool.runWorker;java/util/concurrent/ForkJoinPool.scan;java/util/concurrent/ForkJoinPool$WorkQueue.topLevelExec;java/util/concurrent/ForkJoinTask.doExec;java/util/concurrent/ForkJoinTask$AdaptedRunnableAction.exec;java/lang/VirtualThread$$Lambda.0x000073fb0c039ae0.run;java/lang/VirtualThread.runContinuation;jdk/internal/vm/Continuation.run;jdk/internal/vm/Continuation.enterSpecial;jdk/internal/vm/Continuation.enter;jdk/internal/vm/Continuation.enter0;java/lang/VirtualThread$VThreadContinuation$1.run;java/lang/VirtualThread.run;java/lang/Thread.runWith;uk/ac/ncl/jensen/benchmark/VThreadTransitionBenchmark$$Lambda.0x000073fb0c029bb0.run;uk/ac/ncl/jensen/benchmark/VThreadTransitionBenchmark.lambda$transition_yield$0;java/lang/Thread.yield;java/lang/VirtualThread.tryYield;java/lang/VirtualThread.yieldContinuation;jdk/internal/vm/Continuation.yield;jdk/internal/vm/Continuation.yield0 4
java/util/concurrent/ForkJoinWorkerThread.run;java/util/concurrent/ForkJoinPool.runWorker;java/util/concurrent/ForkJoinPool.scan;java/util/concurrent/ForkJoinPool$WorkQueue.topLevelExec;java/util/concurrent/ForkJoinTask.doExec;java/util/concurrent/ForkJoinTask$AdaptedRunnableAction.exec;java/lang/VirtualThread$$Lambda.0x000073fb0c039ae0.run;java/lang/VirtualThread.runContinuation;java/lang/VirtualThread.unmount 10
java/util/concurrent/ForkJoinWorkerThread.run;java/util/concurrent/ForkJoinPool.runWorker;java/util/concurrent/ForkJoinPool.awaitWork 337
java/util/concurrent/ForkJoinWorkerThread.run;java/util/concurrent/ForkJoinPool.runWorker;java/util/concurrent/ForkJoinPool.scan;java/util/concurrent/ForkJoinPool$WorkQueue.topLevelExec;java/util/concurrent/ForkJoinTask.doExec;java/util/concurrent/ForkJoinTask$AdaptedRunnableAction.exec;java/lang/VirtualThread$$Lambda.0x000073fb0c039ae0.run;java/lang/VirtualThread.runContinuation;java/lang/VirtualThread.afterYield;java/lang/VirtualThread.externalSubmitRunContinuation;java/util/concurrent/ForkJoinPool.externalSubmit;java/util/concurrent/ForkJoinPool$WorkQueue.push 1
java/util/concurrent/ForkJoinWorkerThread.run;java/util/concurrent/ForkJoinPool.runWorker;java/util/concurrent/ForkJoinPool.scan 7
java/util/concurrent/ForkJoinWorkerThread.run;java/util/concurrent/ForkJoinPool.runWorker;java/util/concurrent/ForkJoinPool.awaitWork;java/util/concurrent/locks/LockSupport.park;jdk/internal/misc/Unsafe.park;Unsafe_Park;java_lang_Thread::set_thread_status;AccessInternal::PostRuntimeDispatch<G1BarrierSet::AccessBarrier<286822ul, G1BarrierSet>, (AccessInternal::BarrierType)3, 286822ul>::oop_access_barrier 1
java/util/concurrent/ForkJoinWorkerThread.run;java/util/concurrent/ForkJoinPool.runWorker;java/util/concurrent/ForkJoinPool.scan;java/util/concurrent/ForkJoinPool$WorkQueue.topLevelExec;java/util/concurrent/ForkJoinTask.doExec;java/util/concurrent/ForkJoinTask$AdaptedRunnableAction.exec;java/lang/VirtualThread$$Lambda.0x000073fb0c039ae0.run;java/lang/VirtualThread.runContinuation;java/lang/VirtualThread.state 25
org/openjdk/jmh/runner/ForkedMain.main;org/openjdk/jmh/runner/ForkedRunner.run;org/openjdk/jmh/runner/BaseRunner.runBenchmarksForked;org/openjdk/jmh/runner/BaseRunner.doSingle;org/openjdk/jmh/runner/BaseRunner.runBenchmark;org/openjdk/jmh/runner/BaseRunner.runBenchmark;org/openjdk/jmh/runner/BenchmarkHandler.runIteration;org/openjdk/jmh/runner/BenchmarkHandler.stopProfilers;org/openjdk/jmh/profile/AsyncProfiler.afterIteration;org/openjdk/jmh/infra/IterationParams.getCount 1
java/util/concurrent/ForkJoinWorkerThread.run;java/util/concurrent/ForkJoinPool.runWorker;java/util/concurrent/ForkJoinPool.scan 12
java/util/concurrent/ForkJoinWorkerThread.run;java/util/concurrent/ForkJoinPool.runWorker;java/util/concurrent/ForkJoinPool.awaitWork;java/util/concurrent/locks/LockSupport.park;jdk/internal/misc/Unsafe.park;Unsafe_Park;Parker::park;__pthread_mutex_unlock 1
java/util/concurrent/ForkJoinWorkerThread.run;java/util/concurrent/ForkJoinPool.runWorker;java/util/concurrent/ForkJoinPool.scan;java/util/concurrent/ForkJoinPool$WorkQueue.topLevelExec;java/util/concurrent/ForkJoinTask.doExec;java/util/concurrent/ForkJoinTask$AdaptedRunnableAction.exec;java/lang/VirtualThread$$Lambda.0x000073fb0c039ae0.run;java/lang/VirtualThread.runContinuation;java/lang/VirtualThread.afterYield;java/lang/VirtualThread.externalSubmitRunContinuation;java/util/concurrent/ForkJoinPool.externalSubmit;java/util/concurrent/ForkJoinPool$WorkQueue.push;java/util/concurrent/ForkJoinPool.signalWork 1
java/util/concurrent/ForkJoinWorkerThread.run;java/util/concurrent/ForkJoinPool.runWorker;java/util/concurrent/ForkJoinPool.scan;java/util/concurrent/ForkJoinPool$WorkQueue.topLevelExec;java/util/concurrent/ForkJoinTask.doExec;java/util/concurrent/ForkJoinTask$AdaptedRunnableAction.exec;java/lang/VirtualThread$$Lambda.0x000073fb0c039ae0.run;java/lang/VirtualThread.runContinuation;java/lang/VirtualThread.unmount;_notify_jvmti_vthread_unmount;SharedRuntime::notify_jvmti_vthread_unmount;JvmtiVTMSTransitionDisabler::finish_VTMS_transition 9
java/util/concurrent/ForkJoinWorkerThread.run;java/util/concurrent/ForkJoinPool.runWorker;java/util/concurrent/ForkJoinPool.scan;java/util/concurrent/ForkJoinPool$WorkQueue.topLevelExec;java/util/concurrent/ForkJoinTask.doExec;java/util/concurrent/ForkJoinTask$AdaptedRunnableAction.exec;java/lang/VirtualThread$$Lambda.0x000073fb0c039ae0.run;java/lang/VirtualThread.runContinuation;java/lang/VirtualThread.unmount;_notify_jvmti_vthread_unmount;SharedRuntime::notify_jvmti_vthread_unmount 6
java/util/concurrent/ForkJoinWorkerThread.run;java/util/concurrent/ForkJoinPool.runWorker;java/util/concurrent/ForkJoinPool.scan;java/util/concurrent/ForkJoinPool$WorkQueue.topLevelExec;java/util/concurrent/ForkJoinTask.doExec;java/util/concurrent/ForkJoinTask$AdaptedRunnableAction.exec;java/lang/VirtualThread$$Lambda.0x000073fb0c039ae0.run;java/lang/VirtualThread.runContinuation;jdk/internal/vm/Continuation.run;jdk/internal/vm/Continuation.enterSpecial;jdk/internal/vm/Continuation.enter;jdk/internal/vm/Continuation.enter0;java/lang/VirtualThread$VThreadContinuation$1.run;java/lang/VirtualThread.run;java/lang/Thread.runWith;uk/ac/ncl/jensen/benchmark/VThreadTransitionBenchmark$$Lambda.0x000073fb0c029bb0.run;uk/ac/ncl/jensen/benchmark/VThreadTransitionBenchmark.lambda$transition_yield$0;java/lang/Thread.yield;java/lang/VirtualThread.tryYield;java/lang/VirtualThread.yieldContinuation;_notify_jvmti_vthread_mount;SharedRuntime::notify_jvmti_vthread_mount;JvmtiVTMSTransitionDisabler::VTMS_vthread_mount;JvmtiVTMSTransitionDisabler::VTMS_mount_end;JavaThread::rebind_to_jvmti_thread_state_of;oopDesc::address_field 1
java/util/concurrent/ForkJoinWorkerThread.run;java/util/concurrent/ForkJoinPool.runWorker;java/util/concurrent/ForkJoinPool.scan;java/util/concurrent/ForkJoinPool$WorkQueue.topLevelExec;java/util/concurrent/ForkJoinTask.doExec;java/util/concurrent/ForkJoinTask$AdaptedRunnableAction.exec;java/lang/VirtualThread$$Lambda.0x000073fb0c039ae0.run;java/lang/VirtualThread.runContinuation;java/lang/VirtualThread.afterYield;java/lang/VirtualThread.externalSubmitRunContinuation;java/util/concurrent/ForkJoinPool.externalSubmit;java/util/concurrent/ForkJoinPool$WorkQueue.push;java/util/concurrent/ForkJoinPool.signalWork 1
java/util/concurrent/ForkJoinWorkerThread.run;java/util/concurrent/ForkJoinPool.runWorker;java/util/concurrent/ForkJoinPool.scan;java/util/concurrent/ForkJoinPool$WorkQueue.topLevelExec;java/util/concurrent/ForkJoinTask.doExec;java/util/concurrent/ForkJoinTask$AdaptedRunnableAction.exec;java/lang/VirtualThread$$Lambda.0x000073fb0c039ae0.run;java/lang/VirtualThread.runContinuation;jdk/internal/vm/Continuation.run;jdk/internal/vm/Continuation.enterSpecial;jdk/internal/vm/Continuation.enter;jdk/internal/vm/Continuation.enter0;java/lang/VirtualThread$VThreadContinuation$1.run;java/lang/VirtualThread.run;java/lang/Thread.runWith;uk/ac/ncl/jensen/benchmark/VThreadTransitionBenchmark$$Lambda.0x000073fb0c029bb0.run;uk/ac/ncl/jensen/benchmark/VThreadTransitionBenchmark.lambda$transition_yield$0;java/lang/Thread.yield;java/lang/VirtualThread.tryYield;java/lang/VirtualThread.yieldContinuation;_notify_jvmti_vthread_unmount;SharedRuntime::notify_jvmti_vthread_unmount;JNIHandleBlock::allocate_handle 3
java/util/concurrent/ForkJoinWorkerThread.run;java/util/concurrent/ForkJoinPool.runWorker;java/util/concurrent/ForkJoinPool.scan;java/util/concurrent/ForkJoinPool$WorkQueue.topLevelExec;java/util/concurrent/ForkJoinTask.doExec;java/util/concurrent/ForkJoinTask$AdaptedRunnableAction.exec;java/lang/VirtualThread$$Lambda.0x000073fb0c039ae0.run;java/lang/VirtualThread.runContinuation 1
java/util/concurrent/ForkJoinWorkerThread.run;java/util/concurrent/ForkJoinPool.runWorker;java/util/concurrent/ForkJoinPool.scan;java/util/concurrent/ForkJoinPool$WorkQueue.topLevelExec;java/util/concurrent/ForkJoinTask.doExec;java/util/concurrent/ForkJoinTask$AdaptedRunnableAction.exec;java/lang/VirtualThread$$Lambda.0x000073fb0c039ae0.run;java/lang/VirtualThread.runContinuation;java/lang/VirtualThread.afterYield;java/lang/VirtualThread.externalSubmitRunContinuation;java/util/concurrent/ForkJoinPool.externalSubmit;java/util/concurrent/ForkJoinPool$WorkQueue.push 1
java/util/concurrent/ForkJoinWorkerThread.run;java/util/concurrent/ForkJoinPool.runWorker;java/util/concurrent/ForkJoinPool.scan;java/util/concurrent/ForkJoinPool$WorkQueue.topLevelExec 7
java/util/concurrent/ForkJoinWorkerThread.run;java/util/concurrent/ForkJoinPool.runWorker;java/util/concurrent/ForkJoinPool.scan;java/util/concurrent/ForkJoinPool$WorkQueue.topLevelExec;java/util/concurrent/ForkJoinTask.doExec;java/util/concurrent/ForkJoinTask$AdaptedRunnableAction.exec;java/lang/VirtualThread$$Lambda.0x000073fb0c039ae0.run;java/lang/VirtualThread.runContinuation;jdk/internal/vm/Continuation.run;java/lang/System$2.getContinuation;java/lang/Thread.getContinuation 2
java/util/concurrent/ForkJoinWorkerThread.run;java/util/concurrent/ForkJoinPool.runWorker;java/util/concurrent/ForkJoinPool.scan;java/util/concurrent/ForkJoinPool$WorkQueue.topLevelExec;java/util/concurrent/ForkJoinTask.doExec;java/util/concurrent/ForkJoinTask$AdaptedRunnableAction.exec;java/lang/VirtualThread$$Lambda.0x000073fb0c039ae0.run;java/lang/VirtualThread.runContinuation;java/lang/VirtualThread.mount;_notify_jvmti_vthread_mount;SharedRuntime::notify_jvmti_vthread_mount;JvmtiVTMSTransitionDisabler::start_VTMS_transition;__tls_get_addr@plt 1
java/util/concurrent/ForkJoinWorkerThread.run;java/util/concurrent/ForkJoinPool.runWorker;java/util/concurrent/ForkJoinPool.scan 17
java/util/concurrent/ForkJoinWorkerThread.run;java/util/concurrent/ForkJoinPool.runWorker;java/util/concurrent/ForkJoinPool.scan;java/util/concurrent/ForkJoinPool$WorkQueue.topLevelExec;java/util/concurrent/ForkJoinTask.doExec;java/util/concurrent/ForkJoinTask$AdaptedRunnableAction.exec;java/lang/VirtualThread$$Lambda.0x000073fb0c039ae0.run;java/lang/VirtualThread.runContinuation;java/lang/VirtualThread.afterYield;java/lang/VirtualThread.externalSubmitRunContinuation;java/util/concurrent/ForkJoinPool.externalSubmit;java/util/concurrent/ForkJoinPool$WorkQueue.push;java/util/concurrent/ForkJoinPool.signalWork 64
java/util/concurrent/ForkJoinWorkerThread.run;java/util/concurrent/ForkJoinPool.runWorker;java/util/concurrent/ForkJoinPool.scan 21
java/util/concurrent/ForkJoinWorkerThread.run;java/util/concurrent/ForkJoinPool.runWorker;java/util/concurrent/ForkJoinPool.scan;java/util/concurrent/ForkJoinPool$WorkQueue.topLevelExec;java/util/concurrent/ForkJoinTask.doExec;java/util/concurrent/ForkJoinTask$AdaptedRunnableAction.exec;java/lang/VirtualThread$$Lambda.0x000073fb0c039ae0.run;java/lang/VirtualThread.runContinuation;java/lang/VirtualThread.afterYield;java/lang/VirtualThread.externalSubmitRunContinuation;java/util/concurrent/ForkJoinPool.externalSubmit;java/util/concurrent/ForkJoinTask.markPoolSubmission;java/util/concurrent/ForkJoinTask.getAndBitwiseOrStatus;jdk/internal/misc/Unsafe.getAndBitwiseOrInt 1
java/util/concurrent/ForkJoinWorkerThread.run;java/util/concurrent/ForkJoinPool.runWorker;java/util/concurrent/ForkJoinPool.scan 63
_notify_jvmti_vthread_mount 1
java/util/concurrent/ForkJoinWorkerThread.run;java/util/concurrent/ForkJoinPool.runWorker;java/util/concurrent/ForkJoinPool.scan;java/util/concurrent/ForkJoinPool$WorkQueue.topLevelExec;java/util/concurrent/ForkJoinTask.doExec;java/util/concurrent/ForkJoinTask$AdaptedRunnableAction.exec;java/lang/VirtualThread$$Lambda.0x000073fb0c039ae0.run;java/lang/VirtualThread.runContinuation;java/lang/VirtualThread.afterYield;java/lang/VirtualThread.externalSubmitRunContinuation;java/util/concurrent/ForkJoinPool.externalSubmit;java/util/concurrent/ForkJoinPool$WorkQueue.push;java/util/concurrent/ForkJoinPool.signalWork;java/util/concurrent/locks/LockSupport.unpark;jdk/internal/misc/Unsafe.unpark;Unsafe_Unpark;Parker::unpark;pthread_mutex_lock 4
java/util/concurrent/ForkJoinWorkerThread.run;java/util/concurrent/ForkJoinPool.runWorker;java/util/concurrent/ForkJoinPool.scan;java/util/concurrent/ForkJoinPool$WorkQueue.topLevelExec;java/util/concurrent/ForkJoinTask.doExec;java/util/concurrent/ForkJoinTask$AdaptedRunnableAction.exec;java/lang/VirtualThread$$Lambda.0x000073fb0c039ae0.run;java/lang/VirtualThread.runContinuation;jdk/internal/vm/Continuation.run;jdk/internal/vm/Continuation.enterSpecial;jdk/internal/vm/Continuation.enter;jdk/internal/vm/Continuation.enter0;java/lang/VirtualThread$VThreadContinuation$1.run;java/lang/VirtualThread.run;java/lang/Thread.runWith;uk/ac/ncl/jensen/benchmark/VThreadTransitionBenchmark$$Lambda.0x000073fb0c029bb0.run;uk/ac/ncl/jensen/benchmark/VThreadTransitionBenchmark.lambda$transition_yield$0;java/lang/Thread.yield;java/lang/VirtualThread.tryYield;java/lang/VirtualThread.yieldContinuation;_notify_jvmti_vthread_mount;SharedRuntime::notify_jvmti_vthread_mount;JvmtiVTMSTransitionDisabler::VTMS_vthread_mount;JvmtiVTMSTransitionDisabler::VTMS_mount_end;JavaThread::rebind_to_jvmti_thread_state_of 39
java/util/concurrent/ForkJoinWorkerThread.run;java/util/concurrent/ForkJoinPool.runWorker;java/util/concurrent/ForkJoinPool.awaitWork 2
java/util/concurrent/ForkJoinWorkerThread.run;java/util/concurrent/ForkJoinPool.runWorker;java/util/concurrent/ForkJoinPool.scan;java/util/concurrent/ForkJoinPool$WorkQueue.topLevelExec;java/util/concurrent/ForkJoinTask.doExec;java/util/concurrent/ForkJoinTask$AdaptedRunnableAction.exec;java/lang/VirtualThread$$Lambda.0x000073fb0c039ae0.run;java/lang/VirtualThread.runContinuation;jdk/internal/vm/Continuation.run;jdk/internal/vm/Continuation.enterSpecial;jdk/internal/vm/Continuation.enter;jdk/internal/vm/Continuation.enter0;java/lang/VirtualThread$VThreadContinuation$1.run;java/lang/VirtualThread.run;java/lang/Thread.runWith;uk/ac/ncl/jensen/benchmark/VThreadTransitionBenchmark$$Lambda.0x000073fb0c029bb0.run;uk/ac/ncl/jensen/benchmark/VThreadTransitionBenchmark.lambda$transition_yield$0;java/lang/Thread.yield;java/lang/VirtualThread.tryYield;java/lang/VirtualThread.yieldContinuation;_notify_jvmti_vthread_mount;SharedRuntime::notify_jvmti_vthread_mount;JvmtiVTMSTransitionDisabler::VTMS_vthread_mount;JvmtiVTMSTransitionDisabler::VTMS_mount_end;__tls_get_addr 1
java/util/concurrent/ForkJoinWorkerThread.run;java/util/concurrent/ForkJoinPool.runWorker;java/util/concurrent/ForkJoinPool.scan;java/util/concurrent/ForkJoinPool$WorkQueue.topLevelExec;java/util/concurrent/ForkJoinTask.doExec;java/util/concurrent/ForkJoinTask$AdaptedRunnableAction.exec;java/lang/VirtualThread$$Lambda.0x000073fb0c039ae0.run;java/lang/VirtualThread.runContinuation;java/lang/VirtualThread.mount;_notify_jvmti_vthread_mount;SharedRuntime::notify_jvmti_vthread_mount;JvmtiVTMSTransitionDisabler::start_VTMS_transition 9
java/util/concurrent/ForkJoinWorkerThread.run;java/util/concurrent/ForkJoinPool.runWorker;java/util/concurrent/ForkJoinPool.scan 15
java/util/concurrent/ForkJoinWorkerThread.run;java/util/concurrent/ForkJoinPool.runWorker;java/util/concurrent/ForkJoinPool.awaitWork 25
java/util/concurrent/ForkJoinWorkerThread.run;java/util/concurrent/ForkJoinPool.runWorker;java/util/concurrent/ForkJoinPool.scan;java/util/concurrent/ForkJoinPool$WorkQueue.topLevelExec;java/util/concurrent/ForkJoinTask.doExec;java/util/concurrent/ForkJoinTask$AdaptedRunnableAction.exec;java/lang/VirtualThread$$Lambda.0x000073fb0c039ae0.run;java/lang/VirtualThread.runContinuation;jdk/internal/vm/Continuation.run;jdk/internal/vm/Continuation.enterSpecial;jdk/internal/vm/Continuation.enter;jdk/internal/vm/Continuation.enter0;java/lang/VirtualThread$VThreadContinuation$1.run;java/lang/VirtualThread.run;java/lang/Thread.runWith;uk/ac/ncl/jensen/benchmark/VThreadTransitionBenchmark$$Lambda.0x000073fb0c029bb0.run;uk/ac/ncl/jensen/benchmark/VThreadTransitionBenchmark.lambda$transition_yield$0;java/lang/Thread.yield;java/lang/VirtualThread.tryYield;java/lang/VirtualThread.yieldContinuation;_notify_jvmti_vthread_unmount;SharedRuntime::notify_jvmti_vthread_unmount;JvmtiVTMSTransitionDisabler::VTMS_vthread_unmount;JvmtiVTMSTransitionDisabler::start_VTMS_transition;java_lang_Thread::set_is_in_VTMS_transition 9
java/util/concurrent/ForkJoinWorkerThread.run;java/util/concurrent/ForkJoinPool.runWorker;java/util/concurrent/ForkJoinPool.scan 19
java/util/concurrent/ForkJoinWorkerThread.run;java/util/concurrent/ForkJoinPool.runWorker;java/util/concurrent/ForkJoinPool.scan 11
java/util/concurrent/ForkJoinWorkerThread.run;java/util/concurrent/ForkJoinPool.runWorker;java/util/concurrent/ForkJoinPool.scan 30
Cont thaw;Continuation::prepare_thaw;AccessInternal::PostRuntimeDispatch<G1BarrierSet::AccessBarrier<286822ul, G1BarrierSet>, (AccessInternal::BarrierType)3, 286822ul>::oop_access_barrier 1
java/util/concurrent/ForkJoinWorkerThread.run;java/util/concurrent/ForkJoinPool.runWorker;java/util/concurrent/ForkJoinPool.scan 22
java/util/concurrent/ForkJoinWorkerThread.run;java/util/concurrent/ForkJoinPool.runWorker;java/util/concurrent/ForkJoinPool.scan;java/util/concurrent/ForkJoinPool$WorkQueue.topLevelExec;java/util/concurrent/ForkJoinTask.doExec;java/util/concurrent/ForkJoinTask$AdaptedRunnableAction.exec;java/lang/VirtualThread$$Lambda.0x000073fb0c039ae0.run;java/lang/VirtualThread.runContinuation;java/lang/VirtualThread.afterYield;java/lang/VirtualThread.externalSubmitRunContinuation;java/util/concurrent/ForkJoinPool.externalSubmit;java/util/concurrent/ForkJoinPool$WorkQueue.push;java/util/concurrent/ForkJoinPool.signalWork 48
java/util/concurrent/ForkJoinWorkerThread.run;java/util/concurrent/ForkJoinPool.runWorker;java/util/concurrent/ForkJoinPool.scan;java/util/concurrent/ForkJoinPool$WorkQueue.topLevelExec;java/util/concurrent/ForkJoinTask.doExec;java/util/concurrent/ForkJoinTask$AdaptedRunnableAction.exec;java/lang/VirtualThread$$Lambda.0x000073fb0c039ae0.run;java/lang/VirtualThread.runContinuation;jdk/internal/vm/Continuation.run;jdk/internal/vm/Continuation.enterSpecial;jdk/internal/vm/Continuation.enter;jdk/internal/vm/Continuation.enter0;java/lang/VirtualThread$VThreadContinuation$1.run;java/lang/VirtualThread.run;java/lang/Thread.runWith;uk/ac/ncl/jensen/benchmark/VThreadTransitionBenchmark$$Lambda.0x000073fb0c029bb0.run;uk/ac/ncl/jensen/benchmark/VThreadTransitionBenchmark.lambda$transition_yield$0;java/lang/Thread.yield;java/lang/VirtualThread.tryYield;java/lang/VirtualThread.yieldContinuation;_notify_jvmti_vthread_unmount;SharedRuntime::notify_jvmti_vthread_unmount;JavaThread::rebind_to_jvmti_thread_state_of;AccessInternal::PostRuntimeDispatch<G1BarrierSet::AccessBarrier<548964ul, G1BarrierSet>, (AccessInternal::BarrierType)0, 548964ul>::oop_access_barrier 2
java/util/concurrent/ForkJoinWorkerThread.run;java/util/concurrent/ForkJoinPool.runWorker;java/util/concurrent/ForkJoinPool.scan;java/util/concurrent/ForkJoinPool$WorkQueue.topLevelExec;java/util/concurrent/ForkJoinTask.doExec;java/util/concurrent/ForkJoinTask$AdaptedRunnableAction.exec;java/lang/VirtualThread$$Lambda.0x000073fb0c039ae0.run;java/lang/VirtualThread.runContinuation;jdk/internal/vm/Continuation.run;jdk/internal/vm/Continuation.enterSpecial;jdk/internal/vm/Continuation.enter;jdk/internal/vm/Continuation.enter0;java/lang/VirtualThread$VThreadContinuation$1.run;java/lang/VirtualThread.run;java/lang/Thread.runWith;uk/ac/ncl/jensen/benchmark/VThreadTransitionBenchmark$$Lambda.0x000073fb0c029bb0.run;uk/ac/ncl/jensen/benchmark/VThreadTransitionBenchmark.lambda$transition_yield$0;java/lang/Thread.yield;java/lang/VirtualThread.tryYield;java/lang/VirtualThread.yieldContinuation;_notify_jvmti_vthread_unmount;SharedRuntime::notify_jvmti_vthread_unmount;JavaThread::rebind_to_jvmti_thread_state_of;JvmtiThreadState::set_thread 1
java/util/concurrent/ForkJoinWorkerThread.run;java/util/concurrent/ForkJoinPool.runWorker;java/util/concurrent/ForkJoinPool.awaitWork;java/util/concurrent/locks/LockSupport.park;jdk/internal/misc/Unsafe.park 1
java/util/concurrent/ForkJoinWorkerThread.run;java/util/concurrent/ForkJoinPool.runWorker;java/util/concurrent/ForkJoinPool.scan;java/util/concurrent/ForkJoinPool$WorkQueue.topLevelExec;java/util/concurrent/ForkJoinTask.doExec;java/util/concurrent/ForkJoinTask$AdaptedRunnableAction.exec;java/lang/VirtualThread$$Lambda.0x000073fb0c039ae0.run;java/lang/VirtualThread.runContinuation;java/lang/VirtualThread.mount;_notify_jvmti_vthread_mount;SharedRuntime::notify_jvmti_vthread_mount;JvmtiVTMSTransitionDisabler::VTMS_vthread_mount 1
java/util/concurrent/ForkJoinWorkerThread.run;java/util/concurrent/ForkJoinPool.runWorker;java/util/concurrent/ForkJoinPool.scan;java/util/concurrent/ForkJoinPool$WorkQueue.topLevelExec;java/util/concurrent/ForkJoinTask.doExec;java/util/concurrent/ForkJoinTask$AdaptedRunnableAction.exec;java/lang/VirtualThread$$Lambda.0x000073fb0c039ae0.run;java/lang/VirtualThread.runContinuation;java/lang/VirtualThread.mount;_notify_jvmti_vthread_mount;SharedRuntime::notify_jvmti_vthread_mount;JvmtiVTMSTransitionDisabler::start_VTMS_transition;java_lang_Thread::set_is_in_VTMS_transition 8
java/util/concurrent/ForkJoinWorkerThread.run;java/util/concurrent/ForkJoinPool.runWorker;java/util/concurrent/ForkJoinPool.scan 39
Cont thaw;long* thaw<Config<(oop_kind)0, G1BarrierSet> >;AccessInternal::PostRuntimeDispatch<G1BarrierSet::AccessBarrier<286822ul, G1BarrierSet>, (AccessInternal::BarrierType)3, 286822ul>::oop_access_barrier 1
java/util/concurrent/ForkJoinWorkerThread.run;java/util/concurrent/ForkJoinPool.runWorker;java/util/concurrent/ForkJoinPool.scan;java/util/concurrent/ForkJoinPool$WorkQueue.topLevelExec;java/util/concurrent/ForkJoinTask.doExec;java/util/concurrent/ForkJoinTask$AdaptedRunnableAction.exec;java/lang/VirtualThread$$Lambda.0x000073fb0c039ae0.run;java/lang/VirtualThread.runContinuation;jdk/internal/vm/Continuation.run;jdk/internal/vm/Continuation.enterSpecial;jdk/internal/vm/Continuation.enter;jdk/internal/vm/Continuation.enter0;java/lang/VirtualThread$VThreadContinuation$1.run;java/lang/VirtualThread.run;java/lang/Thread.runWith;uk/ac/ncl/jensen/benchmark/VThreadTransitionBenchmark$$Lambda.0x000073fb0c029bb0.run;uk/ac/ncl/jensen/benchmark/VThreadTransitionBenchmark.lambda$transition_yield$0;java/lang/Thread.yield;java/lang/VirtualThread.tryYield;java/lang/VirtualThread.yieldContinuation;jdk/internal/vm/Continuation.yield;jdk/internal/vm/Continuation.yield0;jdk/internal/vm/Continuation.doYield;int freeze<Config<(oop_kind)0, G1BarrierSet> >;G1CollectedHeap::requires_barriers 1
java/util/concurrent/ForkJoinWorkerThread.run;java/util/concurrent/ForkJoinPool.runWorker;java/util/concurrent/ForkJoinPool.awaitWork 1
java/util/concurrent/ForkJoinWorkerThread.run;java/util/concurrent/ForkJoinPool.runWorker;java/util/concurrent/ForkJoinPool.scan;java/util/concurrent/ForkJoinPool$WorkQueue.topLevelExec;java/util/concurrent/ForkJoinTask.doExec;java/util/concurrent/ForkJoinTask$AdaptedRunnableAction.exec;java/lang/VirtualThread$$Lambda.0x000073fb0c039ae0.run;java/lang/VirtualThread.runContinuation;jdk/internal/vm/Continuation.run;jdk/internal/vm/Continuation.enterSpecial;jdk/internal/vm/Continuation.enter;jdk/internal/vm/Continuation.enter0;java/lang/VirtualThread$VThreadContinuation$1.run;java/lang/VirtualThread.run;java/lang/Thread.runWith;uk/ac/ncl/jensen/benchmark/VThreadTransitionBenchmark$$Lambda.0x000073fb0c029bb0.run;uk/ac/ncl/jensen/benchmark/VThreadTransitionBenchmark.lambda$transition_yield$0;java/lang/Thread.yield;java/lang/VirtualThread.tryYield;java/lang/VirtualThread.yieldContinuation;_notify_jvmti_vthread_unmount;SharedRuntime::notify_jvmti_vthread_unmount;JvmtiVTMSTransitionDisabler::VTMS_vthread_unmount;JvmtiVTMSTransitionDisabler::start_VTMS_transition 13
java/util/concurrent/ForkJoinWorkerThread.run;java/util/concurrent/ForkJoinPool.runWorker;java/util/concurrent/ForkJoinPool.scan;java/util/concurrent/ForkJoinPool$WorkQueue.topLevelExec;java/util/concurrent/ForkJoinTask.doExec;java/util/concurrent/ForkJoinTask$AdaptedRunnableAction.exec;java/lang/VirtualThread$$Lambda.0x000073fb0c039ae0.run;java/lang/VirtualThread.runContinuation;java/lang/VirtualThread.mount;_notify_jvmti_vthread_mount;SharedRuntime::notify_jvmti_vthread_mount 3
java/util/concurrent/ForkJoinWorkerThread.run;java/util/concurrent/ForkJoinPool.runWorker;java/util/concurrent/ForkJoinPool.scan 17
Cont thaw;Continuation::prepare_thaw 20
java/util/concurrent/ForkJoinWorkerThread.run;java/util/concurrent/ForkJoinPool.runWorker;java/util/concurrent/ForkJoinPool.scan 47
java/util/concurrent/ForkJoinWorkerThread.run;java/util/concurrent/ForkJoinPool.runWorker;java/util/concurrent/ForkJoinPool.scan;java/util/concurrent/ForkJoinPool$WorkQueue.topLevelExec;java/util/concurrent/ForkJoinTask.doExec;java/util/concurrent/ForkJoinTask$AdaptedRunnableAction.exec;java/lang/VirtualThread$$Lambda.0x000073fb0c039ae0.run;java/lang/VirtualThread.runContinuation;java/lang/VirtualThread.afterYield;java/util/concurrent/ForkJoinWorkerThread.getQueuedTaskCount 2
java/util/concurrent/ForkJoinWorkerThread.run;java/util/concurrent/ForkJoinPool.runWorker;java/util/concurrent/ForkJoinPool.scan;java/util/concurrent/ForkJoinPool$WorkQueue.topLevelExec;java/util/concurrent/ForkJoinTask.doExec;java/util/concurrent/ForkJoinTask$AdaptedRunnableAction.exec;java/lang/VirtualThread$$Lambda.0x000073fb0c039ae0.run;java/lang/VirtualThread.runContinuation;jdk/internal/vm/Continuation.run;jdk/internal/vm/Continuation.mount;jdk/internal/vm/Continuation.compareAndSetMounted;jdk/internal/misc/Unsafe.compareAndSetBoolean 8
java/util/concurrent/ForkJoinWorkerThread.run;java/util/concurrent/ForkJoinPool.runWorker;java/util/concurrent/ForkJoinPool.scan;java/util/concurrent/ForkJoinPool$WorkQueue.topLevelExec;java/util/concurrent/ForkJoinTask.doExec;java/util/concurrent/ForkJoinTask$AdaptedRunnableAction.exec;java/lang/VirtualThread$$Lambda.0x000073fb0c039ae0.run;java/lang/VirtualThread.runContinuation;jdk/internal/vm/Continuation.run;jdk/internal/vm/Continuation.enterSpecial;jdk/internal/vm/Continuation.enter;jdk/internal/vm/Continuation.enter0;java/lang/VirtualThread$VThreadContinuation$1.run;java/lang/VirtualThread.run;java/lang/Thread.runWith;uk/ac/ncl/jensen/benchmark/VThreadTransitionBenchmark$$Lambda.0x000073fb0c029bb0.run;uk/ac/ncl/jensen/benchmark/VThreadTransitionBenchmark.lambda$transition_yield$0;java/lang/Thread.yield;java/lang/VirtualThread.tryYield;java/lang/VirtualThread.yieldContinuation;_notify_jvmti_vthread_mount 1
java/util/concurrent/ForkJoinWorkerThread.run;java/util/concurrent/ForkJoinPool.runWorker;java/util/concurrent/ForkJoinPool.scan;java/util/concurrent/ForkJoinPool$WorkQueue.topLevelExec;java/util/concurrent/ForkJoinTask.doExec;java/util/concurrent/ForkJoinTask$AdaptedRunnableAction.exec;java/lang/VirtualThread$$Lambda.0x000073fb0c039ae0.run;java/lang/VirtualThread.runContinuation;java/lang/VirtualThread.afterYield 2
java/util/concurrent/ForkJoinWorkerThread.run;java/util/concurrent/ForkJoinPool.runWorker;java/util/concurrent/ForkJoinPool.scan;java/util/concurrent/ForkJoinPool$WorkQueue.topLevelExec;java/util/concurrent/ForkJoinTask.doExec;java/util/concurrent/ForkJoinTask$AdaptedRunnableAction.exec;java/lang/VirtualThread$$Lambda.0x000073fb0c039ae0.run;java/lang/VirtualThread.runContinuation;java/lang/VirtualThread.unmount 1
java/util/concurrent/ForkJoinWorkerThread.run;java/util/concurrent/ForkJoinPool.runWorker;java/util/concurrent/ForkJoinPool.scan;java/util/concurrent/ForkJoinPool$WorkQueue.topLevelExec;java/util/concurrent/ForkJoinTask.doExec;java/util/concurrent/ForkJoinTask$AdaptedRunnableAction.exec;java/lang/VirtualThread$$Lambda.0x000073fb0c039ae0.run;java/lang/VirtualThread.runContinuation 1
java/util/concurrent/ForkJoinWorkerThread.run;java/util/concurrent/ForkJoinPool.runWorker;java/util/concurrent/ForkJoinPool.scan;java/util/concurrent/ForkJoinPool$WorkQueue.topLevelExec;java/util/concurrent/ForkJoinTask.doExec;java/util/concurrent/ForkJoinTask$AdaptedRunnableAction.exec;java/lang/VirtualThread$$Lambda.0x000073fb0c039ae0.run;java/lang/VirtualThread.runContinuation 4
java/util/concurrent/ForkJoinWorkerThread.run;java/util/concurrent/ForkJoinPool.runWorker;java/util/concurrent/ForkJoinPool.scan;java/util/concurrent/ForkJoinPool$WorkQueue.topLevelExec;java/util/concurrent/ForkJoinTask.doExec;java/util/concurrent/ForkJoinTask$AdaptedRunnableAction.exec;java/lang/VirtualThread$$Lambda.0x000073fb0c039ae0.run 1
java/util/concurrent/ForkJoinWorkerThread.run;java/util/concurrent/ForkJoinPool.runWorker;java/util/concurrent/ForkJoinPool.scan;java/util/concurrent/ForkJoinPool$WorkQueue.topLevelExec;java/util/concurrent/ForkJoinTask.doExec;java/util/concurrent/ForkJoinTask$AdaptedRunnableAction.exec;java/lang/VirtualThread$$Lambda.0x000073fb0c039ae0.run;java/lang/VirtualThread.runContinuation;jdk/internal/vm/Continuation.run;jdk/internal/vm/Continuation.enterSpecial;jdk/internal/vm/Continuation.enter;jdk/internal/vm/Continuation.enter0;java/lang/VirtualThread$VThreadContinuation$1.run;java/lang/VirtualThread.run;java/lang/Thread.runWith;uk/ac/ncl/jensen/benchmark/VThreadTransitionBenchmark$$Lambda.0x000073fb0c029bb0.run;uk/ac/ncl/jensen/benchmark/VThreadTransitionBenchmark.lambda$transition_yield$0;java/lang/Thread.yield;java/lang/VirtualThread.tryYield;java/lang/VirtualThread.yieldContinuation;_notify_jvmti_vthread_unmount;SharedRuntime::notify_jvmti_vthread_unmount;JvmtiVTMSTransitionDisabler::VTMS_vthread_unmount 2
java/util/concurrent/ForkJoinWorkerThread.run;java/util/concurrent/ForkJoinPool.runWorker;java/util/concurrent/ForkJoinPool.scan;java/util/concurrent/ForkJoinPool$WorkQueue.topLevelExec;java/util/concurrent/ForkJoinTask.doExec;java/util/concurrent/ForkJoinTask$AdaptedRunnableAction.exec;java/lang/VirtualThread$$Lambda.0x000073fb0c039ae0.run;java/lang/VirtualThread.runContinuation;java/lang/VirtualThread.mount;java/lang/VirtualThread.setCarrierThread 8
java/util/concurrent/ForkJoinWorkerThread.run;java/util/concurrent/ForkJoinPool.runWorker;java/util/concurrent/ForkJoinPool.awaitWork 2
/usr/lib/x86_64-linux-gnu/libc.so.6;/usr/lib/x86_64-linux-gnu/libc.so.6;thread_native_entry;Thread::call_run;WorkerThread::run;G1EvacuateRegionsBaseTask::work;G1EvacuateRegionsTask::evacuate_live_objects;G1ParEvacuateFollowersClosure::do_void;G1ParScanThreadState::steal_and_trim_queue 1
java/util/concurrent/ForkJoinWorkerThread.run;java/util/concurrent/ForkJoinPool.runWorker;java/util/concurrent/ForkJoinPool.scan;java/util/concurrent/ForkJoinPool$WorkQueue.topLevelExec;java/util/concurrent/ForkJoinTask.doExec;java/util/concurrent/ForkJoinTask$AdaptedRunnableAction.exec;java/lang/VirtualThread$$Lambda.0x000073fb0c039ae0.run;java/lang/VirtualThread.runContinuation;jdk/internal/vm/Continuation.run;jdk/internal/vm/Continuation.enterSpecial;int freeze<Config<(oop_kind)0, G1BarrierSet> >;SafepointMechanism::update_poll_values;StackWatermarkSet::lowest_watermark 1
java/util/concurrent/ForkJoinWorkerThread.run;java/util/concurrent/ForkJoinPool.runWorker;java/util/concurrent/ForkJoinPool.scan;java/util/concurrent/ForkJoinPool$WorkQueue.topLevelExec;java/util/concurrent/ForkJoinTask.doExec;java/util/concurrent/ForkJoinTask$AdaptedRunnableAction.exec 8
java/util/concurrent/ForkJoinWorkerThread.run;java/util/concurrent/ForkJoinPool.runWorker;java/util/concurrent/ForkJoinPool.awaitWork;java/util/concurrent/locks/LockSupport.park;jdk/internal/misc/Unsafe.park;Unsafe_Park;Parker::park;pthread_cond_wait;/usr/lib/x86_64-linux-gnu/libc.so.6;/usr/lib/x86_64-linux-gnu/libc.so.6 2
java/util/concurrent/ForkJoinWorkerThread.run;java/util/concurrent/ForkJoinPool.runWorker;java/util/concurrent/ForkJoinPool.scan;java/util/concurrent/ForkJoinPool$WorkQueue.topLevelExec;java/util/concurrent/ForkJoinPool$WorkQueue.nextLocalTask 3
java/util/concurrent/ForkJoinWorkerThread.run;java/util/concurrent/ForkJoinPool.runWorker;java/util/concurrent/ForkJoinPool.scan;java/util/concurrent/ForkJoinPool$WorkQueue.topLevelExec 2
java/util/concurrent/ForkJoinWorkerThread.run;java/util/concurrent/ForkJoinPool.runWorker;java/util/concurrent/ForkJoinPool.scan;java/util/concurrent/ForkJoinPool$WorkQueue.topLevelExec;java/util/concurrent/ForkJoinPool$WorkQueue.tryPoll 23
java/util/concurrent/ForkJoinWorkerThread.run;java/util/concurrent/ForkJoinPool.runWorker;java/util/concurrent/ForkJoinPool.scan 27
java/util/concurrent/ForkJoinWorkerThread.run;java/util/concurrent/ForkJoinPool.runWorker;java/util/concurrent/ForkJoinPool.scan;java/util/concurrent/ForkJoinPool$WorkQueue.topLevelExec;java/util/concurrent/ForkJoinTask.doExec;java/util/concurrent/ForkJoinTask$AdaptedRunnableAction.exec;java/lang/VirtualThread$$Lambda.0x000073fb0c039ae0.run;java/lang/VirtualThread.runContinuation;jdk/internal/vm/Continuation.run;jdk/internal/vm/Continuation.enterSpecial;jdk/internal/vm/Continuation.enter;jdk/internal/vm/Continuation.enter0;java/lang/VirtualThread$VThreadContinuation$1.run;java/lang/VirtualThread.run;java/lang/Thread.runWith;uk/ac/ncl/jensen/benchmark/VThreadTransitionBenchmark$$Lambda.0x000073fb0c029bb0.run;uk/ac/ncl/jensen/benchmark/VThreadTransitionBenchmark.lambda$transition_yield$0;java/lang/Thread.yield;java/lang/VirtualThread.tryYield;java/lang/VirtualThread.yieldContinuation;_notify_jvmti_vthread_unmount;SharedRuntime::notify_jvmti_vthread_unmount;JavaThread::rebind_to_jvmti_thread_state_of;Continuation::set_cont_fastpath_thread_state 2
java/util/concurrent/ForkJoinWorkerThread.run;java/util/concurrent/ForkJoinPool.runWorker;java/util/concurrent/ForkJoinPool.scan;java/util/concurrent/ForkJoinPool$WorkQueue.topLevelExec;java/util/concurrent/ForkJoinTask.doExec;java/util/concurrent/ForkJoinTask$AdaptedRunnableAction.exec;java/lang/VirtualThread$$Lambda.0x000073fb0c039ae0.run;java/lang/VirtualThread.runContinuation;java/lang/VirtualThread.mount;_notify_jvmti_vthread_mount;SharedRuntime::notify_jvmti_vthread_mount;JNIHandleBlock::allocate_handle 4
java/util/concurrent/ForkJoinWorkerThread.run;java/util/concurrent/ForkJoinPool.runWorker;java/util/concurrent/ForkJoinPool.awaitWork;java/util/concurrent/locks/LockSupport.park;jdk/internal/misc/Unsafe.park;Unsafe_Park;Parker::park;pthread_cond_wait 6
Cont thaw;long* thaw<Config<(oop_kind)0, G1BarrierSet> > 2
java/util/concurrent/ForkJoinWorkerThread.run;java/util/concurrent/ForkJoinPool.runWorker;java/util/concurrent/ForkJoinPool.scan 2
java/util/concurrent/ForkJoinWorkerThread.run;java/util/concurrent/ForkJoinPool.runWorker;java/util/concurrent/ForkJoinPool.scan;java/util/concurrent/ForkJoinPool$WorkQueue.topLevelExec;java/util/concurrent/ForkJoinTask.doExec;java/util/concurrent/ForkJoinTask$AdaptedRunnableAction.exec;java/lang/VirtualThread$$Lambda.0x000073fb0c039ae0.run;java/lang/VirtualThread.runContinuation 1
java/util/concurrent/ForkJoinWorkerThread.run;java/util/concurrent/ForkJoinPool.runWorker;java/util/concurrent/ForkJoinPool.scan;java/util/concurrent/ForkJoinPool$WorkQueue.topLevelExec;java/util/concurrent/ForkJoinTask.doExec;java/util/concurrent/ForkJoinTask$AdaptedRunnableAction.exec;java/lang/VirtualThread$$Lambda.0x000073fb0c039ae0.run;java/lang/VirtualThread.runContinuation;java/lang/VirtualThread.afterYield;java/lang/VirtualThread.externalSubmitRunContinuation;java/util/concurrent/ForkJoinPool.externalSubmit;java/util/concurrent/ForkJoinPool$WorkQueue.push 1
java/util/concurrent/ForkJoinWorkerThread.run;java/util/concurrent/ForkJoinPool.runWorker;java/util/concurrent/ForkJoinPool.scan;java/util/concurrent/ForkJoinPool$WorkQueue.topLevelExec;java/util/concurrent/ForkJoinTask.doExec;java/util/concurrent/ForkJoinTask$AdaptedRunnableAction.exec;java/lang/VirtualThread$$Lambda.0x000073fb0c039ae0.run;java/lang/VirtualThread.runContinuation;java/lang/VirtualThread.afterYield;java/lang/VirtualThread.externalSubmitRunContinuation;java/util/concurrent/ForkJoinPool.externalSubmit;java/util/concurrent/ForkJoinPool$WorkQueue.push 1
java/util/concurrent/ForkJoinWorkerThread.run;java/util/concurrent/ForkJoinPool.runWorker;java/util/concurrent/ForkJoinPool.scan 116
java/util/concurrent/ForkJoinWorkerThread.run;java/util/concurrent/ForkJoinPool.runWorker;java/util/concurrent/ForkJoinPool.scan 1
Cont thaw;long* thaw<Config<(oop_kind)0, G1BarrierSet> >;Thaw<Config<(oop_kind)0, G1BarrierSet> >::thaw_fast;AccessInternal::PostRuntimeDispatch<G1BarrierSet::AccessBarrier<286822ul, G1BarrierSet>, (AccessInternal::BarrierType)3, 286822ul>::oop_access_barrier 4
java/util/concurrent/ForkJoinWorkerThread.run;java/util/concurrent/ForkJoinPool.runWorker;java/util/concurrent/ForkJoinPool.scan;java/util/concurrent/ForkJoinPool$WorkQueue.topLevelExec;java/util/concurrent/ForkJoinTask.doExec;java/util/concurrent/ForkJoinTask$AdaptedRunnableAction.exec;java/lang/VirtualThread$$Lambda.0x000073fb0c039ae0.run;java/lang/VirtualThread.runContinuation;jdk/internal/vm/Continuation.run;jdk/internal/vm/Continuation.enterSpecial;jdk/internal/vm/Continuation.enter;jdk/internal/vm/Continuation.enter0;java/lang/VirtualThread$VThreadContinuation$1.run;java/lang/VirtualThread.run;java/lang/Thread.runWith;uk/ac/ncl/jensen/benchmark/VThreadTransitionBenchmark$$Lambda.0x000073fb0c029bb0.run;uk/ac/ncl/jensen/benchmark/VThreadTransitionBenchmark.lambda$transition_yield$0;java/lang/Thread.yield;java/lang/VirtualThread.tryYield;java/lang/VirtualThread.yieldContinuation;_notify_jvmti_vthread_mount;SharedRuntime::notify_jvmti_vthread_mount;JvmtiVTMSTransitionDisabler::VTMS_vthread_mount;JvmtiVTMSTransitionDisabler::finish_VTMS_transition;java_lang_Thread::set_is_in_VTMS_transition 4
java/util/concurrent/ForkJoinWorkerThread.run;java/util/concurrent/ForkJoinPool.runWorker;java/util/concurrent/ForkJoinPool.scan;java/util/concurrent/ForkJoinPool$WorkQueue.topLevelExec;java/util/concurrent/ForkJoinTask.doExec;java/util/concurrent/ForkJoinTask$AdaptedRunnableAction.exec;java/lang/VirtualThread$$Lambda.0x000073fb0c039ae0.run;java/lang/VirtualThread.runContinuation;java/lang/VirtualThread.afterYield;java/util/concurrent/ForkJoinWorkerThread.getQueuedTaskCount;java/util/concurrent/ForkJoinPool$WorkQueue.queueSize 1
java/util/concurrent/ForkJoinWorkerThread.run;java/util/concurrent/ForkJoinPool.runWorker;java/util/concurrent/ForkJoinPool.scan 225
/usr/lib/x86_64-linux-gnu/libc.so.6;/usr/lib/x86_64-linux-gnu/libc.so.6;thread_native_entry;Thread::call_run;WatcherThread::run;WatcherThread::sleep;Monitor::wait_without_safepoint_check;PlatformMonitor::wait;pthread_cond_timedwait;/usr/lib/x86_64-linux-gnu/libc.so.6 1
java/util/concurrent/ForkJoinWorkerThread.run;java/util/concurrent/ForkJoinPool.runWorker;java/util/concurrent/ForkJoinPool.scan;java/util/concurrent/ForkJoinPool$WorkQueue.topLevelExec;java/util/concurrent/ForkJoinTask.doExec;java/util/concurrent/ForkJoinTask$AdaptedRunnableAction.exec;java/lang/VirtualThread$$Lambda.0x000073fb0c039ae0.run;java/lang/VirtualThread.runContinuation;java/lang/VirtualThread.afterYield;java/lang/VirtualThread.externalSubmitRunContinuation;java/util/concurrent/ForkJoinPool.externalSubmit;java/util/concurrent/ForkJoinPool$WorkQueue.push;java/util/concurrent/ForkJoinPool.signalWork 1
java/util/concurrent/ForkJoinWorkerThread.run;java/util/concurrent/ForkJoinPool.runWorker;java/util/concurrent/ForkJoinPool.scan;java/util/concurrent/ForkJoinPool$WorkQueue.topLevelExec;java/util/concurrent/ForkJoinTask.doExec;java/util/concurrent/ForkJoinTask$AdaptedRunnableAction.exec;java/lang/VirtualThread$$Lambda.0x000073fb0c039ae0.run;java/lang/VirtualThread.runContinuation;jdk/internal/vm/Continuation.run;jdk/internal/vm/Continuation.enterSpecial;jdk/internal/vm/Continuation.enter;jdk/internal/vm/Continuation.enter0;java/lang/VirtualThread$VThreadContinuation$1.run;java/lang/VirtualThread.run;java/lang/Thread.runWith;uk/ac/ncl/jensen/benchmark/VThreadTransitionBenchmark$$Lambda.0x000073fb0c029bb0.run;uk/ac/ncl/jensen/benchmark/VThreadTransitionBenchmark.lambda$transition_yield$0;java/lang/Thread.yield;java/lang/VirtualThread.tryYield;java/lang/VirtualThread.yieldContinuation;jdk/internal/vm/Continuation.yield;jdk/internal/vm/Continuation.yield0 2
java/util/concurrent/ForkJoinWorkerThread.run;java/util/concurrent/ForkJoinPool.runWorker;java/util/concurrent/ForkJoinPool.scan;java/util/concurrent/ForkJoinPool$WorkQueue.topLevelExec;java/util/concurrent/ForkJoinTask.doExec;java/util/concurrent/ForkJoinTask$AdaptedRunnableAction.exec;java/lang/VirtualThread$$Lambda.0x000073fb0c039ae0.run;java/lang/VirtualThread.runContinuation;jdk/internal/vm/Continuation.run;jdk/internal/vm/Continuation.enterSpecial;int freeze<Config<(oop_kind)0, G1BarrierSet> >;FreezeBase::freeze_fast_copy 5
java/util/concurrent/ForkJoinWorkerThread.run;java/util/concurrent/ForkJoinPool.runWorker;java/util/concurrent/ForkJoinPool.scan;java/util/concurrent/ForkJoinPool$WorkQueue.topLevelExec;java/util/concurrent/ForkJoinTask.doExec;java/util/concurrent/ForkJoinTask$AdaptedRunnableAction.exec;java/lang/VirtualThread$$Lambda.0x000073fb0c039ae0.run;java/lang/VirtualThread.runContinuation;java/lang/VirtualThread.afterYield;java/lang/VirtualThread.externalSubmitRunContinuation;java/util/concurrent/ForkJoinPool.externalSubmit;java/util/concurrent/ForkJoinPool$WorkQueue.push;java/util/concurrent/ForkJoinPool.signalWork 3
java/util/concurrent/ForkJoinWorkerThread.run;java/util/concurrent/ForkJoinPool.runWorker;java/util/concurrent/ForkJoinPool.scan;java/util/concurrent/ForkJoinPool$WorkQueue.topLevelExec;java/util/concurrent/ForkJoinTask.doExec;java/util/concurrent/ForkJoinTask$AdaptedRunnableAction.exec;java/lang/VirtualThread$$Lambda.0x000073fb0c039ae0.run;java/lang/VirtualThread.runContinuation;java/lang/VirtualThread.compareAndSetState 28
java/util/concurrent/ForkJoinWorkerThread.run;java/util/concurrent/ForkJoinPool.runWorker;java/util/concurrent/ForkJoinPool.scan;java/util/concurrent/ForkJoinPool$WorkQueue.topLevelExec;java/util/concurrent/ForkJoinTask.doExec;java/util/concurrent/ForkJoinTask$AdaptedRunnableAction.exec;java/lang/VirtualThread$$Lambda.0x000073fb0c039ae0.run;java/lang/VirtualThread.runContinuation;java/lang/VirtualThread.afterYield;java/lang/VirtualThread.externalSubmitRunContinuation;java/util/concurrent/ForkJoinPool.externalSubmit;java/util/concurrent/ForkJoinPool$WorkQueue.push;java/util/concurrent/ForkJoinPool.signalWork;java/util/concurrent/ForkJoinPool.compareAndExchangeCtl 22
java/util/concurrent/ForkJoinWorkerThread.run;java/util/concurrent/ForkJoinPool.runWorker;java/util/concurrent/ForkJoinPool.awaitWork 72
java/util/concurrent/ForkJoinWorkerThread.run;java/util/concurrent/ForkJoinPool.runWorker;java/util/concurrent/ForkJoinPool.scan;java/util/concurrent/ForkJoinPool$WorkQueue.topLevelExec;java/util/concurrent/ForkJoinTask.doExec;java/util/concurrent/ForkJoinTask$AdaptedRunnableAction.exec;java/lang/VirtualThread$$Lambda.0x000073fb0c039ae0.run;java/lang/VirtualThread.runContinuation;java/lang/VirtualThread.afterYield;java/lang/VirtualThread.externalSubmitRunContinuation;java/util/concurrent/ForkJoinPool.externalSubmit;java/util/concurrent/ForkJoinPool$WorkQueue.push;java/util/concurrent/ForkJoinPool.signalWork;java/util/concurrent/locks/LockSupport.unpark;jdk/internal/misc/Unsafe.unpark;Unsafe_Unpark;JavaFrameAnchor::make_walkable 1
java/util/concurrent/ForkJoinWorkerThread.run;java/util/concurrent/ForkJoinPool.runWorker;java/util/concurrent/ForkJoinPool.scan 31
java/util/concurrent/ForkJoinWorkerThread.run;java/util/concurrent/ForkJoinPool.runWorker;java/util/concurrent/ForkJoinPool.awaitWork;java/util/concurrent/locks/LockSupport.park;jdk/internal/misc/Unsafe.park;Unsafe_Park 1
java/util/concurrent/ForkJoinWorkerThread.run;java/util/concurrent/ForkJoinPool.runWorker;java/util/concurrent/ForkJoinPool.scan;java/util/concurrent/ForkJoinPool$WorkQueue.topLevelExec;java/util/concurrent/ForkJoinTask.doExec;java/util/concurrent/ForkJoinTask$AdaptedRunnableAction.exec;java/lang/VirtualThread$$Lambda.0x000073fb0c039ae0.run;java/lang/VirtualThread.runContinuation;jdk/internal/vm/Continuation.run;jdk/internal/vm/Continuation.enterSpecial;int freeze<Config<(oop_kind)0, G1BarrierSet> >;SafepointMechanism::update_poll_values 9
java/util/concurrent/ForkJoinWorkerThread.run;java/util/concurrent/ForkJoinPool.runWorker;java/util/concurrent/ForkJoinPool.awaitWork;java/util/concurrent/locks/LockSupport.park;jdk/internal/misc/Unsafe.park;Unsafe_Park;JavaThreadParkedState::JavaThreadParkedState;java_lang_Thread::get_thread_status 1
java/util/concurrent/ForkJoinWorkerThread.run;java/util/concurrent/ForkJoinPool.runWorker;java/util/concurrent/ForkJoinPool.scan;java/util/concurrent/ForkJoinPool$WorkQueue.topLevelExec;java/util/concurrent/ForkJoinTask.doExec;java/util/concurrent/ForkJoinTask$AdaptedRunnableAction.exec;java/lang/VirtualThread$$Lambda.0x000073fb0c039ae0.run;java/lang/VirtualThread.runContinuation;jdk/internal/vm/Continuation.run 1
java/util/concurrent/ForkJoinWorkerThread.run;java/util/concurrent/ForkJoinPool.runWorker;java/util/concurrent/ForkJoinPool.scan;java/util/concurrent/ForkJoinPool$WorkQueue.topLevelExec;java/util/concurrent/ForkJoinTask.doExec;java/util/concurrent/ForkJoinTask$AdaptedRunnableAction.exec;java/lang/VirtualThread$$Lambda.0x000073fb0c039ae0.run;java/lang/VirtualThread.runContinuation;jdk/internal/vm/Continuation.run;jdk/internal/vm/Continuation.enterSpecial;jdk/internal/vm/Continuation.enter;jdk/internal/vm/Continuation.enter0;java/lang/VirtualThread$VThreadContinuation$1.run;java/lang/VirtualThread.run;java/lang/Thread.runWith;uk/ac/ncl/jensen/benchmark/VThreadTransitionBenchmark$$Lambda.0x000073fb0c029bb0.run;uk/ac/ncl/jensen/benchmark/VThreadTransitionBenchmark.lambda$transition_yield$0;java/lang/Thread.yield;java/lang/VirtualThread.tryYield;java/lang/VirtualThread.yieldContinuation;_notify_jvmti_vthread_mount;SharedRuntime::notify_jvmti_vthread_mount;JvmtiVTMSTransitionDisabler::VTMS_vthread_mount;JvmtiVTMSTransitionDisabler::VTMS_mount_end;JavaThread::rebind_to_jvmti_thread_state_of;AccessInternal::PostRuntimeDispatch<G1BarrierSet::AccessBarrier<548964ul, G1BarrierSet>, (AccessInternal::BarrierType)0, 548964ul>::oop_access_barrier 3
java/util/concurrent/ForkJoinWorkerThread.run;java/util/concurrent/ForkJoinPool.runWorker;java/util/concurrent/ForkJoinPool.scan;java/util/concurrent/ForkJoinPool$WorkQueue.topLevelExec;java/util/concurrent/ForkJoinTask.doExec;java/util/concurrent/ForkJoinTask$AdaptedRunnableAction.exec;java/lang/VirtualThread$$Lambda.0x000073fb0c039ae0.run;java/lang/VirtualThread.runContinuation;jdk/internal/vm/Continuation.run;jdk/internal/vm/Continuation.enterSpecial;jdk/internal/vm/Continuation.enter;jdk/internal/vm/Continuation.enter0;java/lang/VirtualThread$VThreadContinuation$1.run;java/lang/VirtualThread.run;java/lang/Thread.runWith;uk/ac/ncl/jensen/benchmark/VThreadTransitionBenchmark$$Lambda.0x000073fb0c029bb0.run;uk/ac/ncl/jensen/benchmark/VThreadTransitionBenchmark.lambda$transition_yield$0;java/lang/Thread.yield;java/lang/VirtualThread.tryYield;java/lang/VirtualThread.yieldContinuation;_notify_jvmti_vthread_mount;SharedRuntime::notify_jvmti_vthread_mount;JvmtiVTMSTransitionDisabler::VTMS_vthread_mount;JvmtiVTMSTransitionDisabler::VTMS_mount_end;JavaThread::rebind_to_jvmti_thread_state_of;JvmtiThreadState::set_thread 2
java/util/concurrent/ForkJoinWorkerThread.run;java/util/concurrent/ForkJoinPool.runWorker;java/util/concurrent/ForkJoinPool.scan;java/util/concurrent/ForkJoinPool$WorkQueue.topLevelExec;java/util/concurrent/ForkJoinTask.doExec;java/util/concurrent/ForkJoinTask$AdaptedRunnableAction.exec;java/lang/VirtualThread$$Lambda.0x000073fb0c039ae0.run;java/lang/VirtualThread.runContinuation;java/lang/VirtualThread.afterYield;java/lang/VirtualThread.externalSubmitRunContinuation;java/util/concurrent/ForkJoinPool.externalSubmit;java/util/concurrent/ForkJoinPool$WorkQueue.push;java/util/concurrent/ForkJoinPool.signalWork 20
java/util/concurrent/ForkJoinWorkerThread.run;java/util/concurrent/ForkJoinPool.runWorker;java/util/concurrent/ForkJoinPool.scan;java/util/concurrent/ForkJoinPool$WorkQueue.topLevelExec;java/util/concurrent/ForkJoinTask.doExec 8
java/util/concurrent/ForkJoinWorkerThread.run;java/util/concurrent/ForkJoinPool.runWorker;java/util/concurrent/ForkJoinPool.scan;java/util/concurrent/ForkJoinPool$WorkQueue.topLevelExec;java/util/concurrent/ForkJoinPool$WorkQueue.tryPoll;java/util/concurrent/ForkJoinPool$WorkQueue.casSlotToNull 6
java/util/concurrent/ForkJoinWorkerThread.run;java/util/concurrent/ForkJoinPool.runWorker;java/util/concurrent/ForkJoinPool.scan;java/util/concurrent/ForkJoinPool$WorkQueue.topLevelExec;java/util/concurrent/ForkJoinTask.doExec;java/util/concurrent/ForkJoinTask$AdaptedRunnableAction.exec;java/lang/VirtualThread$$Lambda.0x000073fb0c039ae0.run;java/lang/VirtualThread.runContinuation;jdk/internal/vm/Continuation.run;jdk/internal/vm/Continuation.enterSpecial;int freeze<Config<(oop_kind)0, G1BarrierSet> > 1
java/util/concurrent/ForkJoinWorkerThread.run;java/util/concurrent/ForkJoinPool.runWorker;java/util/concurrent/ForkJoinPool.scan;java/util/concurrent/ForkJoinPool$WorkQueue.topLevelExec;java/util/concurrent/ForkJoinTask.doExec;java/util/concurrent/ForkJoinTask$AdaptedRunnableAction.exec;java/lang/VirtualThread$$Lambda.0x000073fb0c039ae0.run;java/lang/VirtualThread.runContinuation;java/lang/VirtualThread.mount 1
java/util/concurrent/ForkJoinWorkerThread.run;java/util/concurrent/ForkJoinPool.runWorker;java/util/concurrent/ForkJoinPool.scan;java/util/concurrent/ForkJoinPool$WorkQueue.topLevelExec;java/util/concurrent/ForkJoinTask.doExec;java/util/concurrent/ForkJoinTask$AdaptedRunnableAction.exec;java/lang/VirtualThread$$Lambda.0x000073fb0c039ae0.run;java/lang/VirtualThread.runContinuation;java/lang/VirtualThread.afterYield;java/lang/VirtualThread.externalSubmitRunContinuation;java/util/concurrent/ForkJoinPool.externalSubmit;java/util/concurrent/ForkJoinTask.markPoolSubmission;java/util/concurrent/ForkJoinTask.getAndBitwiseOrStatus;jdk/internal/misc/Unsafe.getAndBitwiseOrInt 39
java/util/concurrent/ForkJoinWorkerThread.run;java/util/concurrent/ForkJoinPool.runWorker;java/util/concurrent/ForkJoinPool.scan;java/util/concurrent/ForkJoinPool$WorkQueue.topLevelExec;java/util/concurrent/ForkJoinTask.doExec;java/util/concurrent/ForkJoinTask$AdaptedRunnableAction.exec;java/lang/VirtualThread$$Lambda.0x000073fb0c039ae0.run;java/lang/VirtualThread.runContinuation;java/lang/VirtualThread.unmount;_notify_jvmti_vthread_unmount;SharedRuntime::notify_jvmti_vthread_unmount;JNIHandles::make_local 1
java/util/concurrent/ForkJoinWorkerThread.run;java/util/concurrent/ForkJoinPool.runWorker;java/util/concurrent/ForkJoinPool.scan;java/util/concurrent/ForkJoinPool$WorkQueue.topLevelExec;java/util/concurrent/ForkJoinTask.doExec;java/util/concurrent/ForkJoinTask$AdaptedRunnableAction.exec;java/lang/VirtualThread$$Lambda.0x000073fb0c039ae0.run;java/lang/VirtualThread.runContinuation;jdk/internal/vm/Continuation.run;jdk/internal/vm/Continuation.enterSpecial;jdk/internal/vm/Continuation.enter;jdk/internal/vm/Continuation.enter0;java/lang/VirtualThread$VThreadContinuation$1.run;java/lang/VirtualThread.run;java/lang/Thread.runWith;uk/ac/ncl/jensen/benchmark/VThreadTransitionBenchmark$$Lambda.0x000073fb0c029bb0.run;uk/ac/ncl/jensen/benchmark/VThreadTransitionBenchmark.lambda$transition_yield$0;java/lang/Thread.yield;java/lang/VirtualThread.tryYield;java/lang/VirtualThread.yieldContinuation 4
java/util/concurrent/ForkJoinWorkerThread.run;java/util/concurrent/ForkJoinPool.runWorker;java/util/concurrent/ForkJoinPool.scan;java/util/concurrent/ForkJoinPool$WorkQueue.topLevelExec;java/util/concurrent/ForkJoinTask.doExec;java/util/concurrent/ForkJoinTask$RunnableExecuteAction.exec;java/lang/VirtualThread$$Lambda.0x000073fb0c039ae0.run;java/lang/VirtualThread.runContinuation;java/lang/VirtualThread.afterYield;java/lang/VirtualThread.externalSubmitRunContinuation;java/util/concurrent/ForkJoinPool.externalSubmit;java/util/concurrent/ForkJoinPool$WorkQueue.push;java/util/concurrent/ForkJoinPool.signalWork;java/util/concurrent/locks/LockSupport.unpark;jdk/internal/misc/Unsafe.unpark;Unsafe_Unpark;pthread_cond_signal 1
java/util/concurrent/ForkJoinWorkerThread.run;java/util/concurrent/ForkJoinPool.runWorker;java/util/concurrent/ForkJoinPool.awaitWork;java/util/concurrent/locks/LockSupport.park;jdk/internal/misc/Unsafe.park;Unsafe_Park;Parker::park;pthread_cond_wait;/usr/lib/x86_64-linux-gnu/libc.so.6 28
java/util/concurrent/ForkJoinWorkerThread.run;java/util/concurrent/ForkJoinPool.runWorker;java/util/concurrent/ForkJoinPool.scan;java/util/concurrent/ForkJoinPool$WorkQueue.topLevelExec;java/util/concurrent/ForkJoinTask.doExec;java/util/concurrent/ForkJoinTask$AdaptedRunnableAction.exec;java/lang/VirtualThread$$Lambda.0x000073fb0c039ae0.run;java/lang/VirtualThread.runContinuation;java/lang/VirtualThread.unmount;_notify_jvmti_vthread_unmount;SharedRuntime::notify_jvmti_vthread_unmount;JNIHandleBlock::allocate_handle 1
java/util/concurrent/ForkJoinWorkerThread.run;java/util/concurrent/ForkJoinPool.runWorker;java/util/concurrent/ForkJoinPool.scan;java/util/concurrent/ForkJoinPool$WorkQueue.topLevelExec;java/util/concurrent/ForkJoinTask.doExec;java/util/concurrent/ForkJoinTask$AdaptedRunnableAction.exec;java/lang/VirtualThread$$Lambda.0x000073fb0c039ae0.run;java/lang/VirtualThread.runContinuation;jdk/internal/vm/Continuation.run;jdk/internal/vm/Continuation.enterSpecial;jdk/internal/vm/Continuation.enter;jdk/internal/vm/Continuation.enter0;java/lang/VirtualThread$VThreadContinuation$1.run;java/lang/VirtualThread.run;java/lang/Thread.runWith;uk/ac/ncl/jensen/benchmark/VThreadTransitionBenchmark$$Lambda.0x000073fb0c029bb0.run;uk/ac/ncl/jensen/benchmark/VThreadTransitionBenchmark.lambda$transition_yield$0;java/lang/Thread.yield;java/lang/VirtualThread.tryYield;java/lang/VirtualThread.yieldContinuation;jdk/internal/vm/Continuation.yield 2
java/util/concurrent/ForkJoinWorkerThread.run;java/util/concurrent/ForkJoinPool.runWorker;java/util/concurrent/ForkJoinPool.scan;java/util/concurrent/ForkJoinPool$WorkQueue.topLevelExec;java/util/concurrent/ForkJoinTask.doExec;java/util/concurrent/ForkJoinTask$AdaptedRunnableAction.exec;java/lang/VirtualThread$$Lambda.0x000073fb0c039ae0.run;java/lang/VirtualThread.runContinuation;jdk/internal/vm/Continuation.run;jdk/internal/vm/Continuation.enterSpecial;jdk/internal/vm/Continuation.enter;jdk/internal/vm/Continuation.enter0;java/lang/VirtualThread$VThreadContinuation$1.run;java/lang/VirtualThread.run;java/lang/Thread.runWith;uk/ac/ncl/jensen/benchmark/VThreadTransitionBenchmark$$Lambda.0x000073fb0c029bb0.run;uk/ac/ncl/jensen/benchmark/VThreadTransitionBenchmark.lambda$transition_yield$0;java/lang/Thread.yield;java/lang/VirtualThread.tryYield;java/lang/VirtualThread.yieldContinuation;jdk/internal/vm/Continuation.yield;java/lang/System$2.getContinuation;java/lang/Thread.getContinuation 3
java/util/concurrent/ForkJoinWorkerThread.run;java/util/concurrent/ForkJoinPool.runWorker;java/util/concurrent/ForkJoinPool.scan;java/util/concurrent/ForkJoinPool$WorkQueue.topLevelExec;java/util/concurrent/ForkJoinTask.doExec;java/util/concurrent/ForkJoinTask$AdaptedRunnableAction.exec;java/lang/VirtualThread$$Lambda.0x000073fb0c039ae0.run;java/lang/VirtualThread.runContinuation;java/lang/VirtualThread.afterYield;java/lang/VirtualThread.externalSubmitRunContinuation;java/util/concurrent/ForkJoinPool.externalSubmit;java/util/concurrent/ForkJoinPool$WorkQueue.push 10
java/util/concurrent/ForkJoinWorkerThread.run;java/util/concurrent/ForkJoinPool.runWorker;java/util/concurrent/ForkJoinPool.scan 230
Cont thaw;long* thaw<Config<(oop_kind)0, G1BarrierSet> >;Thaw<Config<(oop_kind)0, G1BarrierSet> >::thaw_fast;/usr/lib/x86_64-linux-gnu/libc.so.6 39
java/util/concurrent/ForkJoinWorkerThread.run;java/util/concurrent/ForkJoinPool.runWorker;java/util/concurrent/ForkJoinPool.scan;java/util/concurrent/ForkJoinPool$WorkQueue.topLevelExec;java/util/concurrent/ForkJoinTask.doExec;java/util/concurrent/ForkJoinTask$AdaptedRunnableAction.exec;java/lang/VirtualThread$$Lambda.0x000073fb0c039ae0.run;java/lang/VirtualThread.runContinuation;jdk/internal/vm/Continuation.run;jdk/internal/vm/Continuation.enterSpecial;jdk/internal/vm/Continuation.enter;jdk/internal/vm/Continuation.enter0;java/lang/VirtualThread$VThreadContinuation$1.run;java/lang/VirtualThread.run;java/lang/Thread.runWith;uk/ac/ncl/jensen/benchmark/VThreadTransitionBenchmark$$Lambda.0x000073fb0c029bb0.run;uk/ac/ncl/jensen/benchmark/VThreadTransitionBenchmark.lambda$transition_yield$0;java/lang/Thread.yield;java/lang/VirtualThread.tryYield;java/lang/VirtualThread.yieldContinuation;_notify_jvmti_vthread_mount;SharedRuntime::notify_jvmti_vthread_mount;JNIHandles::make_local 3
