java/util/concurrent/ForkJoinWorkerThread.run;java/util/concurrent/ForkJoinPool.runWorker;java/util/concurrent/ForkJoinPool.awaitWork;java/util/concurrent/locks/LockSupport.park;jdk/internal/misc/Unsafe.park;Unsafe_Park;Parker::park;pthread_cond_wait;/usr/lib/x86_64-linux-gnu/libc.so.6;/usr/lib/x86_64-linux-gnu/libc.so.6 1
java/util/concurrent/ForkJoinWorkerThread.run;java/util/concurrent/ForkJoinPool.runWorker;java/util/concurrent/ForkJoinPool.scan;java/util/concurrent/ForkJoinPool$WorkQueue.topLevelExec;java/util/concurrent/ForkJoinTask.doExec;java/util/concurrent/ForkJoinTask$AdaptedRunnableAction.exec;java/lang/VirtualThread$$Lambda.0x00007a2c14031ad0.run;java/lang/VirtualThread.runContinuation;java/lang/VirtualThread.afterYield 1
java/util/concurrent/ForkJoinWorkerThread.run;java/util/concurrent/ForkJoinPool.runWorker;java/util/concurrent/ForkJoinPool.awaitWork 4
java/util/concurrent/ForkJoinWorkerThread.run;java/util/concurrent/ForkJoinPool.runWorker;java/util/concurrent/ForkJoinPool.scan;java/util/concurrent/ForkJoinPool$WorkQueue.topLevelExec 4
java/util/concurrent/ForkJoinWorkerThread.run;java/util/concurrent/ForkJoinPool.runWorker;java/util/concurrent/ForkJoinPool.scan 10
java/util/concurrent/ForkJoinWorkerThread.run;java/util/concurrent/ForkJoinPool.runWorker;java/util/concurrent/ForkJoinPool.scan;java/util/concurrent/ForkJoinPool$WorkQueue.topLevelExec;java/util/concurrent/ForkJoinTask.doExec;java/util/concurrent/ForkJoinTask$AdaptedRunnableAction.exec;java/lang/VirtualThread$$Lambda.0x00007a2c14031ad0.run;java/lang/VirtualThread.runContinuation;jdk/internal/vm/Continuation.run;jdk/internal/vm/Continuation.enterSpecial;jdk/internal/vm/Continuation.enter;jdk/internal/vm/Continuation.enter0;java/lang/VirtualThread$VThreadContinuation$1.run;java/lang/VirtualThread.run;java/lang/Thread.runWith;uk/ac/ncl/jensen/benchmark/VThreadTransitionBenchmark$$Lambda.0x00007a2c1402b5a0.run;uk/ac/ncl/jensen/benchmark/VThreadTransitionBenchmark.lambda$transition_yield$0;java/lang/Thread.yield;java/lang/VirtualThread.tryYield;java/lang/VirtualThread.yieldContinuation;_notify_jvmti_vthread_mount;SharedRuntime::notify_jvmti_vthread_mount;JNIHandleBlock::allocate_handle 8
java/util/concurrent/ForkJoinWorkerThread.run;java/util/concurrent/ForkJoinPool.runWorker;java/util/concurrent/ForkJoinPool.scan;java/util/concurrent/ForkJoinPool$WorkQueue.topLevelExec;java/util/concurrent/ForkJoinTask.doExec;java/util/concurrent/ForkJoinTask$AdaptedRunnableAction.exec;java/lang/VirtualThread$$Lambda.0x00007a2c14031ad0.run;java/lang/VirtualThread.runContinuation;jdk/internal/vm/Continuation.run;jdk/internal/vm/Continuation.enterSpecial;int freeze<Config<(oop_kind)0, G1BarrierSet> >;SafepointMechanism::update_poll_values 7
java/util/concurrent/ForkJoinWorkerThread.run;java/util/concurrent/ForkJoinPool.runWorker;java/util/concurrent/ForkJoinPool.scan 13
java/util/concurrent/ForkJoinWorkerThread.run;java/util/concurrent/ForkJoinPool.runWorker;java/util/concurrent/ForkJoinPool.scan 13
java/util/concurrent/ForkJoinWorkerThread.run;java/util/concurrent/ForkJoinPool.runWorker;java/util/concurrent/ForkJoinPool.scan;java/util/concurrent/ForkJoinPool$WorkQueue.topLevelExec;java/util/concurrent/ForkJoinTask.doExec;java/util/concurrent/ForkJoinTask$AdaptedRunnableAction.exec;java/lang/VirtualThread$$Lambda.0x00007a2c14031ad0.run;java/lang/VirtualThread.runContinuation;jdk/internal/vm/Continuation.run 1
java/util/concurrent/ForkJoinWorkerThread.run;java/util/concurrent/ForkJoinPool.runWorker;java/util/concurrent/ForkJoinPool.scan;java/util/concurrent/ForkJoinPool$WorkQueue.topLevelExec;java/util/concurrent/ForkJoinPool$WorkQueue.tryPoll 26
Cont thaw;long* thaw<Config<(oop_kind)0, G1BarrierSet> >;Thaw<Config<(oop_kind)0, G1BarrierSet> >::thaw_fast;/usr/lib/x86_64-linux-gnu/libc.so.6 48
java/util/concurrent/ForkJoinWorkerThread.run;java/util/concurrent/ForkJoinPool.runWorker;java/util/concurrent/ForkJoinPool.scan;java/util/concurrent/ForkJoinPool$WorkQueue.topLevelExec;java/util/concurrent/ForkJoinTask.doExec;java/util/concurrent/ForkJoinTask$AdaptedRunnableAction.exec;java/lang/VirtualThread$$Lambda.0x00007a2c14031ad0.run;java/lang/VirtualThread.runContinuation;jdk/internal/vm/Continuation.run;jdk/internal/vm/Continuation.enterSpecial;jdk/internal/vm/Continuation.enter;jdk/internal/vm/Continuation.enter0;java/lang/VirtualThread$VThreadContinuation$1.run;java/lang/VirtualThread.run;java/lang/Thread.runWith;uk/ac/ncl/jensen/benchmark/VThreadTransitionBenchmark$$Lambda.0x00007a2c1402b5a0.run;uk/ac/ncl/jensen/benchmark/VThreadTransitionBenchmark.lambda$transition_yield$0;java/lang/Thread.yield;java/lang/VirtualThread.tryYield;java/lang/VirtualThread.yieldContinuation;_notify_jvmti_vthread_mount;SharedRuntime::notify_jvmti_vthread_mount 2
java/util/concurrent/ForkJoinWorkerThread.run;java/util/concurrent/ForkJoinPool.runWorker;java/util/concurrent/ForkJoinPool.scan;java/util/concurrent/ForkJoinPool$WorkQueue.topLevelExec;java/util/concurrent/ForkJoinTask.doExec;java/util/concurrent/ForkJoinTask$AdaptedRunnableAction.exec;java/lang/VirtualThread$$Lambda.0x00007a2c14031ad0.run;java/lang/VirtualThread.runContinuation;jdk/internal/vm/Continuation.run;jdk/internal/vm/Continuation.enterSpecial;jdk/internal/vm/Continuation.enter;jdk/internal/vm/Continuation.enter0;java/lang/VirtualThread$VThreadContinuation$1.run;java/lang/VirtualThread.run;java/lang/Thread.runWith;uk/ac/ncl/jensen/benchmark/VThreadTransitionBenchmark$$Lambda.0x00007a2c1402b5a0.run;uk/ac/ncl/jensen/benchmark/VThreadTransitionBenchmark.lambda$transition_yield$0;java/lang/Thread.yield;java/lang/VirtualThread.tryYield;java/lang/VirtualThread.yieldContinuation;_notify_jvmti_vthread_unmount;SharedRuntime::notify_jvmti_vthread_unmount;JavaThread::rebind_to_jvmti_thread_state_of 1
java/util/concurrent/ForkJoinWorkerThread.run;java/util/concurrent/ForkJoinPool.runWorker;java/util/concurrent/ForkJoinPool.scan;java/util/concurrent/ForkJoinPool$WorkQueue.topLevelExec;java/util/concurrent/ForkJoinTask.doExec;java/util/concurrent/ForkJoinTask$AdaptedRunnableAction.exec;java/lang/VirtualThread$$Lambda.0x00007a2c14031ad0.run;java/lang/VirtualThread.runContinuation;jdk/internal/vm/Continuation.run;jdk/internal/vm/Continuation.enterSpecial;jdk/internal/vm/Continuation.enter;jdk/internal/vm/Continuation.enter0;java/lang/VirtualThread$VThreadContinuation$1.run;java/lang/VirtualThread.run;java/lang/Thread.runWith;uk/ac/ncl/jensen/benchmark/VThreadTransitionBenchmark$$Lambda.0x00007a2c1402b5a0.run;uk/ac/ncl/jensen/benchmark/VThreadTransitionBenchmark.lambda$transition_yield$0;java/lang/Thread.yield;java/lang/VirtualThread.tryYield;java/lang/VirtualThread.yieldContinuation;jdk/internal/vm/Continuation.yield;jdk/internal/vm/Continuation.yield0 5
java/util/concurrent/ForkJoinWorkerThread.run;java/util/concurrent/ForkJoinPool.runWorker;java/util/concurrent/ForkJoinPool.scan;java/util/concurrent/ForkJoinPool$WorkQueue.topLevelExec;java/util/concurrent/ForkJoinTask.doExec;java/util/concurrent/ForkJoinTask$AdaptedRunnableAction.exec;java/lang/VirtualThread$$Lambda.0x00007a2c14031ad0.run;java/lang/VirtualThread.runContinuation;jdk/internal/vm/Continuation.run;jdk/internal/vm/Continuation.enterSpecial;int freeze<Config<(oop_kind)0, G1BarrierSet> >;AccessInternal::PostRuntimeDispatch<G1BarrierSet::AccessBarrier<286822ul, G1BarrierSet>, (AccessInternal::BarrierType)1, 286822ul>::oop_access_barrier 3
java/util/concurrent/ForkJoinWorkerThread.run;java/util/concurrent/ForkJoinPool.runWorker;java/util/concurrent/ForkJoinPool.scan;java/util/concurrent/ForkJoinPool$WorkQueue.topLevelExec;java/util/concurrent/ForkJoinTask.doExec;java/util/concurrent/ForkJoinTask$AdaptedRunnableAction.exec;java/lang/VirtualThread$$Lambda.0x00007a2c14031ad0.run;java/lang/VirtualThread.runContinuation;java/lang/VirtualThread.afterYield;java/lang/VirtualThread.externalSubmitRunContinuation;java/util/concurrent/ForkJoinPool.externalSubmit;java/util/concurrent/ForkJoinPool$WorkQueue.push;java/util/concurrent/ForkJoinPool.signalWork 1
java/util/concurrent/ForkJoinWorkerThread.run;java/util/concurrent/ForkJoinPool.runWorker;java/util/concurrent/ForkJoinPool.scan;java/util/concurrent/ForkJoinPool$WorkQueue.topLevelExec;java/util/concurrent/ForkJoinTask.doExec;java/util/concurrent/ForkJoinTask$AdaptedRunnableAction.exec 9
java/util/concurrent/ForkJoinWorkerThread.run;java/util/concurrent/ForkJoinPool.runWorker;java/util/concurrent/ForkJoinPool.scan 8
java/util/concurrent/ForkJoinWorkerThread.run;java/util/concurrent/ForkJoinPool.runWorker;java/util/concurrent/ForkJoinPool.scan;java/util/concurrent/ForkJoinPool$WorkQueue.topLevelExec;java/util/concurrent/ForkJoinTask.doExec;java/util/concurrent/ForkJoinTask$AdaptedRunnableAction.exec;java/lang/VirtualThread$$Lambda.0x00007a2c14031ad0.run;java/lang/VirtualThread.runContinuation;jdk/internal/vm/Continuation.run;jdk/internal/vm/Continuation.enterSpecial;jdk/internal/vm/Continuation.enter;jdk/internal/vm/Continuation.enter0;java/lang/VirtualThread$VThreadContinuation$1.run;java/lang/VirtualThread.run;java/lang/Thread.runWith;uk/ac/ncl/jensen/benchmark/VThreadTransitionBenchmark$$Lambda.0x00007a2c1402b5a0.run;uk/ac/ncl/jensen/benchmark/VThreadTransitionBenchmark.lambda$transition_yield$0;java/lang/Thread.yield;java/lang/VirtualThread.tryYield;java/lang/VirtualThread.yieldContinuation;jdk/internal/vm/Continuation.yield;jdk/internal/vm/Continuation.yield0 1
java/util/concurrent/ForkJoinWorkerThread.run;java/util/concurrent/ForkJoinPool.runWorker;java/util/concurrent/ForkJoinPool.scan 28
java/util/concurrent/ForkJoinWorkerThread.run;java/util/concurrent/ForkJoinPool.runWorker;java/util/concurrent/ForkJoinPool.scan;java/util/concurrent/ForkJoinPool$WorkQueue.topLevelExec;java/util/concurrent/ForkJoinTask.doExec;java/util/concurrent/ForkJoinTask$AdaptedRunnableAction.exec;java/lang/VirtualThread$$Lambda.0x00007a2c14031ad0.run;java/lang/VirtualThread.runContinuation;jdk/internal/vm/Continuation.run;jdk/internal/vm/Continuation.enterSpecial;jdk/internal/vm/Continuation.enter;jdk/internal/vm/Continuation.enter0;java/lang/VirtualThread$VThreadContinuation$1.run;java/lang/VirtualThread.run;java/lang/Thread.runWith;uk/ac/ncl/jensen/benchmark/VThreadTransitionBenchmark$$Lambda.0x00007a2c1402b5a0.run;uk/ac/ncl/jensen/benchmark/VThreadTransitionBenchmark.lambda$transition_yield$0;java/lang/Thread.yield;java/lang/VirtualThread.tryYield;java/lang/VirtualThread.yieldContinuation;jdk/internal/vm/Continuation.yield;jdk/internal/vm/Continuation.yield0;jdk/internal/vm/Continuation.doYield;int freeze<Config<(oop_kind)0, G1BarrierSet> >;FreezeBase::freeze_fast_copy 1
java/util/concurrent/ForkJoinWorkerThread.run;java/util/concurrent/ForkJoinPool.runWorker;java/util/concurrent/ForkJoinPool.scan;java/util/concurrent/ForkJoinPool$WorkQueue.topLevelExec;java/util/concurrent/ForkJoinTask.doExec;java/util/concurrent/ForkJoinTask$AdaptedRunnableAction.exec;java/lang/VirtualThread$$Lambda.0x00007a2c14031ad0.run;java/lang/VirtualThread.runContinuation;jdk/internal/vm/Continuation.run;jdk/internal/vm/Continuation.enterSpecial;jdk/internal/vm/Continuation.enter;jdk/internal/vm/Continuation.enter0;java/lang/VirtualThread$VThreadContinuation$1.run;java/lang/VirtualThread.run;java/lang/Thread.runWith;uk/ac/ncl/jensen/benchmark/VThreadTransitionBenchmark$$Lambda.0x00007a2c1402b5a0.run;uk/ac/ncl/jensen/benchmark/VThreadTransitionBenchmark.lambda$transition_yield$0;java/lang/Thread.yield;java/lang/VirtualThread.tryYield;java/lang/VirtualThread.yieldContinuation;_notify_jvmti_vthread_unmount;SharedRuntime::notify_jvmti_vthread_unmount;JvmtiVTMSTransitionDisabler::VTMS_vthread_unmount;JvmtiVTMSTransitionDisabler::start_VTMS_transition;JavaThread::set_is_in_VTMS_transition 1
java/util/concurrent/ForkJoinWorkerThread.run;java/util/concurrent/ForkJoinPool.runWorker;java/util/concurrent/ForkJoinPool.scan;java/util/concurrent/ForkJoinPool$WorkQueue.topLevelExec;java/util/concurrent/ForkJoinTask.doExec;java/util/concurrent/ForkJoinTask$AdaptedRunnableAction.exec;java/lang/VirtualThread$$Lambda.0x00007a2c14031ad0.run;java/lang/VirtualThread.runContinuation;jdk/internal/vm/Continuation.run;jdk/internal/vm/Continuation.enterSpecial;jdk/internal/vm/Continuation.enter;jdk/internal/vm/Continuation.enter0;java/lang/VirtualThread$VThreadContinuation$1.run;java/lang/VirtualThread.run;java/lang/Thread.runWith;uk/ac/ncl/jensen/benchmark/VThreadTransitionBenchmark$$Lambda.0x00007a2c1402b5a0.run;uk/ac/ncl/jensen/benchmark/VThreadTransitionBenchmark.lambda$transition_yield$0;java/lang/Thread.yield;java/lang/VirtualThread.tryYield;java/lang/VirtualThread.yieldContinuation;_notify_jvmti_vthread_unmount;SharedRuntime::notify_jvmti_vthread_unmount;JvmtiVTMSTransitionDisabler::VTMS_vthread_unmount;JvmtiVTMSTransitionDisabler::start_VTMS_transition 13
java/util/concurrent/ForkJoinWorkerThread.run;java/util/concurrent/ForkJoinPool.runWorker;java/util/concurrent/ForkJoinPool.scan 26
java/util/concurrent/ForkJoinWorkerThread.run;java/util/concurrent/ForkJoinPool.runWorker;java/util/concurrent/ForkJoinPool.scan;java/util/concurrent/ForkJoinPool$WorkQueue.topLevelExec;java/util/concurrent/ForkJoinTask.doExec;java/util/concurrent/ForkJoinTask$AdaptedRunnableAction.exec;java/lang/VirtualThread$$Lambda.0x00007a2c14031ad0.run;java/lang/VirtualThread.runContinuation;java/lang/VirtualThread.unmount;_notify_jvmti_vthread_unmount;SharedRuntime::notify_jvmti_vthread_unmount;JvmtiVTMSTransitionDisabler::VTMS_vthread_unmount 1
java/util/concurrent/ForkJoinWorkerThread.run;java/util/concurrent/ForkJoinPool.runWorker 3
java/util/concurrent/ForkJoinWorkerThread.run;java/util/concurrent/ForkJoinPool.runWorker;java/util/concurrent/ForkJoinPool.scan;java/util/concurrent/ForkJoinPool$WorkQueue.topLevelExec;java/util/concurrent/ForkJoinTask.doExec;java/util/concurrent/ForkJoinTask$AdaptedRunnableAction.exec;java/lang/VirtualThread$$Lambda.0x00007a2c14031ad0.run;java/lang/VirtualThread.runContinuation;jdk/internal/vm/Continuation.run;jdk/internal/vm/Continuation.enterSpecial;jdk/internal/vm/Continuation.enter;jdk/internal/vm/Continuation.enter0;java/lang/VirtualThread$VThreadContinuation$1.run;java/lang/VirtualThread.run;java/lang/Thread.runWith;uk/ac/ncl/jensen/benchmark/VThreadTransitionBenchmark$$Lambda.0x00007a2c1402b5a0.run;uk/ac/ncl/jensen/benchmark/VThreadTransitionBenchmark.lambda$transition_yield$0;java/lang/Thread.yield;java/lang/VirtualThread.tryYield;java/lang/VirtualThread.yieldContinuation;_notify_jvmti_vthread_mount;SharedRuntime::notify_jvmti_vthread_mount;JvmtiVTMSTransitionDisabler::VTMS_vthread_mount;JvmtiVTMSTransitionDisabler::VTMS_mount_end;__pthread_mutex_unlock 8
java/util/concurrent/ForkJoinWorkerThread.run;java/util/concurrent/ForkJoinPool.runWorker;java/util/concurrent/ForkJoinPool.awaitWork 76
java/util/concurrent/ForkJoinWorkerThread.run;java/util/concurrent/ForkJoinPool.runWorker;java/util/concurrent/ForkJoinPool.awaitWork;java/util/concurrent/locks/LockSupport.park;jdk/internal/misc/Unsafe.park 3
java/util/concurrent/ForkJoinWorkerThread.run;java/util/concurrent/ForkJoinPool.runWorker;java/util/concurrent/ForkJoinPool.scan;java/util/concurrent/ForkJoinPool$WorkQueue.topLevelExec;java/util/concurrent/ForkJoinTask.doExec;java/util/concurrent/ForkJoinTask$AdaptedRunnableAction.exec;java/lang/VirtualThread$$Lambda.0x00007a2c14031ad0.run;java/lang/VirtualThread.runContinuation;jdk/internal/vm/Continuation.run;jdk/internal/vm/Continuation.enterSpecial;jdk/internal/vm/Continuation.enter;jdk/internal/vm/Continuation.enter0;java/lang/VirtualThread$VThreadContinuation$1.run;java/lang/VirtualThread.run;java/lang/Thread.runWith;uk/ac/ncl/jensen/benchmark/VThreadTransitionBenchmark$$Lambda.0x00007a2c1402b5a0.run;uk/ac/ncl/jensen/benchmark/VThreadTransitionBenchmark.lambda$transition_yield$0;java/lang/Thread.yield;java/lang/VirtualThread.tryYield;java/lang/VirtualThread.yieldContinuation;_notify_jvmti_vthread_unmount;SharedRuntime::notify_jvmti_vthread_unmount;JvmtiVTMSTransitionDisabler::VTMS_vthread_unmount;JvmtiVTMSTransitionDisabler::start_VTMS_transition;HandleMark::~HandleMark 1
java/util/concurrent/ForkJoinWorkerThread.run;java/util/concurrent/ForkJoinPool.runWorker;java/util/concurrent/ForkJoinPool.scan;java/util/concurrent/ForkJoinPool$WorkQueue.topLevelExec;java/util/concurrent/ForkJoinPool$WorkQueue.tryPoll 8
java/util/concurrent/ForkJoinWorkerThread.run;java/util/concurrent/ForkJoinPool.runWorker;java/util/concurrent/ForkJoinPool.scan 8
java/util/concurrent/ForkJoinWorkerThread.run;java/util/concurrent/ForkJoinPool.runWorker;java/util/concurrent/ForkJoinPool.scan;java/util/concurrent/ForkJoinPool$WorkQueue.topLevelExec;java/util/concurrent/ForkJoinPool$WorkQueue.tryPoll 2
java/util/concurrent/ForkJoinWorkerThread.run;java/util/concurrent/ForkJoinPool.runWorker;java/util/concurrent/ForkJoinPool.awaitWork;java/util/concurrent/locks/LockSupport.park;jdk/internal/misc/Unsafe.park;Unsafe_Park 2
java/util/concurrent/ForkJoinWorkerThread.run;java/util/concurrent/ForkJoinPool.runWorker;java/util/concurrent/ForkJoinPool.scan;java/util/concurrent/ForkJoinPool$WorkQueue.topLevelExec;java/util/concurrent/ForkJoinTask.doExec;java/util/concurrent/ForkJoinTask$AdaptedRunnableAction.exec;java/lang/VirtualThread$$Lambda.0x00007a2c14031ad0.run;java/lang/VirtualThread.runContinuation;jdk/internal/vm/Continuation.run;jdk/internal/vm/Continuation.enterSpecial;jdk/internal/vm/Continuation.enter;jdk/internal/vm/Continuation.enter0;java/lang/VirtualThread$VThreadContinuation$1.run;java/lang/VirtualThread.run;java/lang/Thread.runWith;uk/ac/ncl/jensen/benchmark/VThreadTransitionBenchmark$$Lambda.0x00007a2c1402b5a0.run;uk/ac/ncl/jensen/benchmark/VThreadTransitionBenchmark.lambda$transition_yield$0;java/lang/Thread.yield;java/lang/VirtualThread.tryYield;java/lang/VirtualThread.yieldContinuation;_notify_jvmti_vthread_mount;SharedRuntime::notify_jvmti_vthread_mount;JvmtiVTMSTransitionDisabler::VTMS_vthread_mount;JvmtiVTMSTransitionDisabler::VTMS_mount_end;JavaThread::rebind_to_jvmti_thread_state_of 36
java/util/concurrent/ForkJoinWorkerThread.run;java/util/concurrent/ForkJoinPool.runWorker;java/util/concurrent/ForkJoinPool.scan 20
java/util/concurrent/ForkJoinWorkerThread.run;java/util/concurrent/ForkJoinPool.runWorker;java/util/concurrent/ForkJoinPool.scan;java/util/concurrent/ForkJoinPool$WorkQueue.topLevelExec;java/util/concurrent/ForkJoinTask.doExec;java/util/concurrent/ForkJoinTask$AdaptedRunnableAction.exec;java/lang/VirtualThread$$Lambda.0x00007a2c14031ad0.run;java/lang/VirtualThread.runContinuation;java/lang/VirtualThread.afterYield;java/lang/VirtualThread.externalSubmitRunContinuation;java/util/concurrent/ForkJoinPool.externalSubmit;java/util/concurrent/ForkJoinPool$WorkQueue.push;java/util/concurrent/ForkJoinPool.signalWork;java/util/concurrent/ForkJoinPool.compareAndExchangeCtl 18
java/util/concurrent/ForkJoinWorkerThread.run;java/util/concurrent/ForkJoinPool.runWorker;java/util/concurrent/ForkJoinPool.awaitWork;java/util/concurrent/locks/LockSupport.park;jdk/internal/misc/Unsafe.park;Unsafe_Park;Parker::park;pthread_cond_wait;/usr/lib/x86_64-linux-gnu/libc.so.6 28
java/util/concurrent/ForkJoinWorkerThread.run;java/util/concurrent/ForkJoinPool.runWorker;java/util/concurrent/ForkJoinPool.scan;java/util/concurrent/ForkJoinPool$WorkQueue.topLevelExec;java/util/concurrent/ForkJoinTask.doExec;java/util/concurrent/ForkJoinTask$AdaptedRunnableAction.exec;java/lang/VirtualThread$$Lambda.0x00007a2c14031ad0.run;java/lang/VirtualThread.runContinuation;jdk/internal/vm/Continuation.run;jdk/internal/vm/Continuation.enterSpecial;jdk/internal/vm/Continuation.enter;jdk/internal/vm/Continuation.enter0;java/lang/VirtualThread$VThreadContinuation$1.run;java/lang/VirtualThread.run;java/lang/Thread.runWith;uk/ac/ncl/jensen/benchmark/VThreadTransitionBenchmark$$Lambda.0x00007a2c1402b5a0.run;uk/ac/ncl/jensen/benchmark/VThreadTransitionBenchmark.lambda$transition_yield$0;java/lang/Thread.yield;java/lang/VirtualThread.tryYield;java/lang/VirtualThread.yieldContinuation 1
java/util/concurrent/ForkJoinWorkerThread.run;java/util/concurrent/ForkJoinPool.runWorker;java/util/concurrent/ForkJoinPool.awaitWork 326
java/util/concurrent/ForkJoinWorkerThread.run;java/util/concurrent/ForkJoinPool.runWorker;java/util/concurrent/ForkJoinPool.scan 43
java/util/concurrent/ForkJoinWorkerThread.run;java/util/concurrent/ForkJoinPool.runWorker;java/util/concurrent/ForkJoinPool.scan;java/util/concurrent/ForkJoinPool$WorkQueue.topLevelExec;java/util/concurrent/ForkJoinTask.doExec;java/util/concurrent/ForkJoinTask$AdaptedRunnableAction.exec;java/lang/VirtualThread$$Lambda.0x00007a2c14031ad0.run;java/lang/VirtualThread.runContinuation;java/lang/VirtualThread.afterYield;java/lang/VirtualThread.externalSubmitRunContinuation;java/util/concurrent/ForkJoinPool.externalSubmit;java/util/concurrent/ForkJoinTask.markPoolSubmission;java/util/concurrent/ForkJoinTask.getAndBitwiseOrStatus;jdk/internal/misc/Unsafe.getAndBitwiseOrInt 1
/usr/lib/x86_64-linux-gnu/libc.so.6;/usr/lib/x86_64-linux-gnu/libc.so.6;thread_native_entry;Thread::call_run;WorkerThread::run;G1EvacuateRegionsBaseTask::work;G1EvacuateRegionsTask::evacuate_live_objects;G1ParEvacuateFollowersClosure::do_void;TaskTerminator::offer_termination 1
java/util/concurrent/ForkJoinWorkerThread.run;java/util/concurrent/ForkJoinPool.runWorker;java/util/concurrent/ForkJoinPool.scan;java/util/concurrent/ForkJoinPool$WorkQueue.topLevelExec;java/util/concurrent/ForkJoinTask.doExec;java/util/concurrent/ForkJoinTask$AdaptedRunnableAction.exec;java/lang/VirtualThread$$Lambda.0x00007a2c14031ad0.run;java/lang/VirtualThread.runContinuation;jdk/internal/vm/Continuation.run;jdk/internal/vm/Continuation.enterSpecial;jdk/internal/vm/Continuation.enter;jdk/internal/vm/Continuation.enter0;java/lang/VirtualThread$VThreadContinuation$1.run;java/lang/VirtualThread.run;java/lang/Thread.runWith;uk/ac/ncl/jensen/benchmark/VThreadTransitionBenchmark$$Lambda.0x00007a2c1402b5a0.run;uk/ac/ncl/jensen/benchmark/VThreadTransitionBenchmark.lambda$transition_yield$0;java/lang/Thread.yield;java/lang/VirtualThread.tryYield;java/lang/VirtualThread.yieldContinuation;_notify_jvmti_vthread_unmount;SharedRuntime::notify_jvmti_vthread_unmount 4
java/util/concurrent/ForkJoinWorkerThread.run;java/util/concurrent/ForkJoinPool.runWorker;java/util/concurrent/ForkJoinPool.scan;java/util/concurrent/ForkJoinPool$WorkQueue.topLevelExec;java/util/concurrent/ForkJoinTask.doExec;java/util/concurrent/ForkJoinTask$AdaptedRunnableAction.exec;java/lang/VirtualThread$$Lambda.0x00007a2c14031ad0.run;java/lang/VirtualThread.runContinuation;jdk/internal/vm/Continuation.run;jdk/internal/vm/Continuation.enterSpecial;jdk/internal/vm/Continuation.enter;jdk/internal/vm/Continuation.enter0;java/lang/VirtualThread$VThreadContinuation$1.run;java/lang/VirtualThread.run;java/lang/Thread.runWith;uk/ac/ncl/jensen/benchmark/VThreadTransitionBenchmark$$Lambda.0x00007a2c1402b5a0.run;uk/ac/ncl/jensen/benchmark/VThreadTransitionBenchmark.lambda$transition_yield$0;java/lang/Thread.yield;java/lang/VirtualThread.tryYield;java/lang/VirtualThread.yieldContinuation;jdk/internal/vm/Continuation.yield;jdk/internal/vm/Continuation.yield0;jdk/internal/vm/Continuation.doYield;int freeze<Config<(oop_kind)0, G1BarrierSet> > 1
java/util/concurrent/ForkJoinWorkerThread.run;java/util/concurrent/ForkJoinPool.runWorker;java/util/concurrent/ForkJoinPool.awaitWork 647
java/util/concurrent/ForkJoinWorkerThread.run;java/util/concurrent/ForkJoinPool.runWorker;java/util/concurrent/ForkJoinPool.scan;java/util/concurrent/ForkJoinPool$WorkQueue.topLevelExec;java/util/concurrent/ForkJoinTask.doExec;java/util/concurrent/ForkJoinTask$AdaptedRunnableAction.exec;java/lang/VirtualThread$$Lambda.0x00007a2c14031ad0.run;java/lang/VirtualThread.runContinuation;jdk/internal/vm/Continuation.run;jdk/internal/vm/Continuation.enterSpecial;jdk/internal/vm/Continuation.enter;jdk/internal/vm/Continuation.enter0;java/lang/VirtualThread$VThreadContinuation$1.run;java/lang/VirtualThread.run;java/lang/Thread.runWith;uk/ac/ncl/jensen/benchmark/VThreadTransitionBenchmark$$Lambda.0x00007a2c1402b5a0.run;uk/ac/ncl/jensen/benchmark/VThreadTransitionBenchmark.lambda$transition_yield$0;java/lang/Thread.yield;java/lang/VirtualThread.tryYield;java/lang/VirtualThread.yieldContinuation;_notify_jvmti_vthread_unmount;SharedRuntime::notify_jvmti_vthread_unmount;JNIHandles::make_local;__tls_get_addr 1
Cont thaw;long* thaw<Config<(oop_kind)0, G1BarrierSet> >;Thaw<Config<(oop_kind)0, G1BarrierSet> >::thaw_fast;AccessInternal::PostRuntimeDispatch<G1BarrierSet::AccessBarrier<286822ul, G1BarrierSet>, (AccessInternal::BarrierType)3, 286822ul>::oop_access_barrier 3
java/util/concurrent/ForkJoinWorkerThread.run;java/util/concurrent/ForkJoinPool.runWorker;java/util/concurrent/ForkJoinPool.scan;java/util/concurrent/ForkJoinPool$WorkQueue.topLevelExec;java/util/concurrent/ForkJoinPool$WorkQueue.tryPoll 6
java/util/concurrent/ForkJoinWorkerThread.run;java/util/concurrent/ForkJoinPool.runWorker;java/util/concurrent/ForkJoinPool.awaitWork 1
java/util/concurrent/ForkJoinWorkerThread.run;java/util/concurrent/ForkJoinPool.runWorker;java/util/concurrent/ForkJoinPool.scan 1
java/util/concurrent/ForkJoinWorkerThread.run;java/util/concurrent/ForkJoinPool.runWorker;java/util/concurrent/ForkJoinPool.awaitWork;java/util/concurrent/ForkJoinPool.compareAndExchangeCtl 48
java/util/concurrent/ForkJoinWorkerThread.run;java/util/concurrent/ForkJoinPool.runWorker;java/util/concurrent/ForkJoinPool.scan 14
java/util/concurrent/ForkJoinWorkerThread.run;java/util/concurrent/ForkJoinPool.runWorker;java/util/concurrent/ForkJoinPool.scan;java/util/concurrent/ForkJoinPool$WorkQueue.topLevelExec;java/util/concurrent/ForkJoinTask.doExec;java/util/concurrent/ForkJoinTask$AdaptedRunnableAction.exec;java/lang/VirtualThread$$Lambda.0x00007a2c14031ad0.run;java/lang/VirtualThread.runContinuation;java/lang/VirtualThread.afterYield;java/util/concurrent/ForkJoinWorkerThread.getPool 1
java/util/concurrent/ForkJoinWorkerThread.run;java/util/concurrent/ForkJoinPool.runWorker;java/util/concurrent/ForkJoinPool.scan;java/util/concurrent/ForkJoinPool$WorkQueue.topLevelExec;java/util/concurrent/ForkJoinPool$WorkQueue.nextLocalTask 1
java/util/concurrent/ForkJoinWorkerThread.run;java/util/concurrent/ForkJoinPool.runWorker;java/util/concurrent/ForkJoinPool.scan;java/util/concurrent/ForkJoinPool$WorkQueue.topLevelExec;java/util/concurrent/ForkJoinTask.doExec;java/util/concurrent/ForkJoinTask$AdaptedRunnableAction.exec;java/lang/VirtualThread$$Lambda.0x00007a2c14031ad0.run;java/lang/VirtualThread.runContinuation;java/lang/VirtualThread.state 29
java/util/concurrent/ForkJoinWorkerThread.run;java/util/concurrent/ForkJoinPool.runWorker;java/util/concurrent/ForkJoinPool.scan 38
java/util/concurrent/ForkJoinWorkerThread.run;java/util/concurrent/ForkJoinPool.runWorker;java/util/concurrent/ForkJoinPool.scan;java/util/concurrent/ForkJoinPool$WorkQueue.topLevelExec;java/util/concurrent/ForkJoinTask.doExec;java/util/concurrent/ForkJoinTask$AdaptedRunnableAction.exec;java/lang/VirtualThread$$Lambda.0x00007a2c14031ad0.run;java/lang/VirtualThread.runContinuation;jdk/internal/vm/Continuation.run;java/lang/System$2.setScopedValueCache 24
java/util/concurrent/ForkJoinWorkerThread.run;java/util/concurrent/ForkJoinPool.runWorker;java/util/concurrent/ForkJoinPool.scan;java/util/concurrent/ForkJoinPool$WorkQueue.topLevelExec;java/util/concurrent/ForkJoinTask.doExec;java/util/concurrent/ForkJoinTask$AdaptedRunnableAction.exec;java/lang/VirtualThread$$Lambda.0x00007a2c14031ad0.run;java/lang/VirtualThread.runContinuation;jdk/internal/vm/Continuation.run;jdk/internal/vm/Continuation.enterSpecial;int freeze<Config<(oop_kind)0, G1BarrierSet> >;FreezeBase::freeze_fast_copy;/usr/lib/x86_64-linux-gnu/libc.so.6 2
java/util/concurrent/ForkJoinWorkerThread.run;java/util/concurrent/ForkJoinPool.runWorker 214
[unknown];java/lang/VirtualThread.runContinuation;java/lang/VirtualThread.unmount 2
java/util/concurrent/ForkJoinWorkerThread.run;java/util/concurrent/ForkJoinPool.runWorker;java/util/concurrent/ForkJoinPool.scan;java/util/concurrent/ForkJoinPool$WorkQueue.topLevelExec;java/util/concurrent/ForkJoinTask.doExec;java/util/concurrent/ForkJoinTask$AdaptedRunnableAction.exec;java/lang/VirtualThread$$Lambda.0x00007a2c14031ad0.run;java/lang/VirtualThread.runContinuation;java/lang/VirtualThread.unmount;_notify_jvmti_vthread_unmount;SharedRuntime::notify_jvmti_vthread_unmount 4
java/util/concurrent/ForkJoinWorkerThread.run;java/util/concurrent/ForkJoinPool.runWorker;java/util/concurrent/ForkJoinPool.scan;java/util/concurrent/ForkJoinPool$WorkQueue.topLevelExec;java/util/concurrent/ForkJoinTask.doExec;java/util/concurrent/ForkJoinTask$AdaptedRunnableAction.exec;java/lang/VirtualThread$$Lambda.0x00007a2c14031ad0.run;java/lang/VirtualThread.runContinuation;jdk/internal/vm/Continuation.run;jdk/internal/vm/Continuation.enterSpecial;jdk/internal/vm/Continuation.enter;jdk/internal/vm/Continuation.enter0;java/lang/VirtualThread$VThreadContinuation$1.run;java/lang/VirtualThread.run;java/lang/Thread.runWith;uk/ac/ncl/jensen/benchmark/VThreadTransitionBenchmark$$Lambda.0x00007a2c1402b5a0.run;uk/ac/ncl/jensen/benchmark/VThreadTransitionBenchmark.lambda$transition_yield$0;java/lang/Thread.yield;java/lang/VirtualThread.tryYield;java/lang/VirtualThread.yieldContinuation;_notify_jvmti_vthread_mount;SharedRuntime::notify_jvmti_vthread_mount;JvmtiVTMSTransitionDisabler::VTMS_vthread_mount;JvmtiVTMSTransitionDisabler::VTMS_mount_end;Mutex::lock;__tls_get_addr 2
java/util/concurrent/ForkJoinWorkerThread.run;java/util/concurrent/ForkJoinPool.runWorker 4
java/util/concurrent/ForkJoinWorkerThread.run;java/util/concurrent/ForkJoinPool.runWorker;java/util/concurrent/ForkJoinPool.scan;java/util/concurrent/ForkJoinPool$WorkQueue.topLevelExec 1
java/util/concurrent/ForkJoinWorkerThread.run;java/util/concurrent/ForkJoinPool.runWorker;java/util/concurrent/ForkJoinPool.scan;java/util/concurrent/ForkJoinPool$WorkQueue.topLevelExec;java/util/concurrent/ForkJoinTask.doExec;java/util/concurrent/ForkJoinTask$AdaptedRunnableAction.exec;java/lang/VirtualThread$$Lambda.0x00007a2c14031ad0.run;java/lang/VirtualThread.runContinuation;jdk/internal/vm/Continuation.run;jdk/internal/vm/Continuation.enterSpecial;jdk/internal/vm/Continuation.enter;jdk/internal/vm/Continuation.enter0;java/lang/VirtualThread$VThreadContinuation$1.run;java/lang/VirtualThread.run;java/lang/Thread.runWith;uk/ac/ncl/jensen/benchmark/VThreadTransitionBenchmark$$Lambda.0x00007a2c1402b5a0.run;uk/ac/ncl/jensen/benchmark/VThreadTransitionBenchmark.lambda$transition_yield$0;java/lang/Thread.yield;java/lang/VirtualThread.tryYield;java/lang/VirtualThread.yieldContinuation;_notify_jvmti_vthread_mount;SharedRuntime::notify_jvmti_vthread_mount;JvmtiVTMSTransitionDisabler::VTMS_vthread_mount;JvmtiVTMSTransitionDisabler::VTMS_mount_end;JavaThread::rebind_to_jvmti_thread_state_of;AccessInternal::PostRuntimeDispatch<G1BarrierSet::AccessBarrier<548964ul, G1BarrierSet>, (AccessInternal::BarrierType)0, 548964ul>::oop_access_barrier 5
Cont thaw;long* thaw<Config<(oop_kind)0, G1BarrierSet> >;G1CollectedHeap::requires_barriers 3
java/util/concurrent/ForkJoinWorkerThread.run;java/util/concurrent/ForkJoinPool.runWorker;java/util/concurrent/ForkJoinPool.scan;java/util/concurrent/ForkJoinPool$WorkQueue.topLevelExec;java/util/concurrent/ForkJoinTask.doExec;java/util/concurrent/ForkJoinTask$AdaptedRunnableAction.exec;java/lang/VirtualThread$$Lambda.0x00007a2c14031ad0.run;java/lang/VirtualThread.runContinuation;jdk/internal/vm/Continuation.run;jdk/internal/vm/Continuation.enterSpecial;jdk/internal/vm/Continuation.enter;jdk/internal/vm/Continuation.enter0;java/lang/VirtualThread$VThreadContinuation$1.run;java/lang/VirtualThread.run;java/lang/Thread.runWith;uk/ac/ncl/jensen/benchmark/VThreadTransitionBenchmark$$Lambda.0x00007a2c1402b5a0.run;uk/ac/ncl/jensen/benchmark/VThreadTransitionBenchmark.lambda$transition_yield$0;java/lang/Thread.yield;java/lang/VirtualThread.tryYield;java/lang/VirtualThread.setState 4
java/util/concurrent/ForkJoinWorkerThread.run;java/util/concurrent/ForkJoinPool.runWorker;java/util/concurrent/ForkJoinPool.scan;java/util/concurrent/ForkJoinPool$WorkQueue.topLevelExec;java/util/concurrent/ForkJoinTask.doExec;java/util/concurrent/ForkJoinTask$AdaptedRunnableAction.exec;java/lang/VirtualThread$$Lambda.0x00007a2c14031ad0.run;java/lang/VirtualThread.runContinuation;jdk/internal/vm/Continuation.run;jdk/internal/vm/Continuation.enterSpecial;jdk/internal/vm/Continuation.enter;jdk/internal/vm/Continuation.enter0;java/lang/VirtualThread$VThreadContinuation$1.run;java/lang/VirtualThread.run;java/lang/Thread.runWith;uk/ac/ncl/jensen/benchmark/VThreadTransitionBenchmark$$Lambda.0x00007a2c1402b5a0.run;uk/ac/ncl/jensen/benchmark/VThreadTransitionBenchmark.lambda$transition_yield$0;java/lang/Thread.yield;java/lang/VirtualThread.tryYield;java/lang/VirtualThread.yieldContinuation;_notify_jvmti_vthread_mount;SharedRuntime::notify_jvmti_vthread_mount;JvmtiVTMSTransitionDisabler::VTMS_vthread_mount;JvmtiVTMSTransitionDisabler::finish_VTMS_transition 8
java/util/concurrent/ForkJoinWorkerThread.run;java/util/concurrent/ForkJoinPool.runWorker;java/util/concurrent/ForkJoinPool.scan;java/util/concurrent/ForkJoinPool$WorkQueue.topLevelExec;java/util/concurrent/ForkJoinTask.doExec;java/util/concurrent/ForkJoinTask$AdaptedRunnableAction.exec;java/lang/VirtualThread$$Lambda.0x00007a2c14031ad0.run;java/lang/VirtualThread.runContinuation;java/lang/VirtualThread.afterYield;java/lang/VirtualThread.externalSubmitRunContinuation;java/util/concurrent/ForkJoinPool.externalSubmit;java/util/concurrent/ForkJoinPool$WorkQueue.push;java/util/concurrent/ForkJoinPool.signalWork 43
java/util/concurrent/ForkJoinWorkerThread.run;java/util/concurrent/ForkJoinPool.runWorker;java/util/concurrent/ForkJoinPool.scan;java/util/concurrent/ForkJoinPool$WorkQueue.topLevelExec;java/util/concurrent/ForkJoinTask.doExec;java/util/concurrent/ForkJoinTask$AdaptedRunnableAction.exec;java/lang/VirtualThread$$Lambda.0x00007a2c14031ad0.run;java/lang/VirtualThread.runContinuation;java/lang/VirtualThread.mount;_notify_jvmti_vthread_mount;SharedRuntime::notify_jvmti_vthread_mount;JNIHandles::make_local 1
java/util/concurrent/ForkJoinWorkerThread.run;java/util/concurrent/ForkJoinPool.runWorker;java/util/concurrent/ForkJoinPool.scan;java/util/concurrent/ForkJoinPool$WorkQueue.topLevelExec;java/util/concurrent/ForkJoinTask.doExec;java/util/concurrent/ForkJoinTask$AdaptedRunnableAction.exec;java/lang/VirtualThread$$Lambda.0x00007a2c14031ad0.run;java/lang/VirtualThread.runContinuation;jdk/internal/vm/Continuation.run;jdk/internal/vm/Continuation.enterSpecial;jdk/internal/vm/Continuation.enter;jdk/internal/vm/Continuation.enter0;java/lang/VirtualThread$VThreadContinuation$1.run;java/lang/VirtualThread.run;java/lang/Thread.runWith;uk/ac/ncl/jensen/benchmark/VThreadTransitionBenchmark$$Lambda.0x00007a2c1402b5a0.run;uk/ac/ncl/jensen/benchmark/VThreadTransitionBenchmark.lambda$transition_yield$0;java/lang/Thread.yield;java/lang/VirtualThread.tryYield;java/lang/VirtualThread.yieldContinuation;_notify_jvmti_vthread_mount;SharedRuntime::notify_jvmti_vthread_mount;JvmtiVTMSTransitionDisabler::VTMS_vthread_mount;JvmtiVTMSTransitionDisabler::VTMS_mount_end;Mutex::lock;pthread_mutex_trylock 13
java/util/concurrent/ForkJoinWorkerThread.run;java/util/concurrent/ForkJoinPool.runWorker;java/util/concurrent/ForkJoinPool.scan;java/util/concurrent/ForkJoinPool$WorkQueue.topLevelExec;java/util/concurrent/ForkJoinTask.doExec;java/util/concurrent/ForkJoinTask$AdaptedRunnableAction.exec;java/lang/VirtualThread$$Lambda.0x00007a2c14031ad0.run;java/lang/VirtualThread.runContinuation;java/lang/VirtualThread.mount;_notify_jvmti_vthread_mount;SharedRuntime::notify_jvmti_vthread_mount;JvmtiVTMSTransitionDisabler::start_VTMS_transition;HandleMark::~HandleMark 2
java/util/concurrent/ForkJoinWorkerThread.run;java/util/concurrent/ForkJoinPool.runWorker;java/util/concurrent/ForkJoinPool.scan 13
java/util/concurrent/ForkJoinWorkerThread.run;java/util/concurrent/ForkJoinPool.runWorker;java/util/concurrent/ForkJoinPool.scan;java/util/concurrent/ForkJoinPool$WorkQueue.topLevelExec;java/util/concurrent/ForkJoinTask.doExec;java/util/concurrent/ForkJoinTask$AdaptedRunnableAction.exec;java/lang/VirtualThread$$Lambda.0x00007a2c14031ad0.run;java/lang/VirtualThread.runContinuation;java/lang/VirtualThread.afterYield;java/lang/VirtualThread.externalSubmitRunContinuation;java/util/concurrent/ForkJoinPool.externalSubmit;java/util/concurrent/ForkJoinPool$WorkQueue.push;java/util/concurrent/ForkJoinPool.signalWork;java/util/concurrent/locks/LockSupport.unpark;jdk/internal/misc/Unsafe.unpark;Unsafe_Unpark;SafeThreadsListPtr::release_stable_list 1
java/util/concurrent/ForkJoinWorkerThread.run;java/util/concurrent/ForkJoinPool.runWorker;java/util/concurrent/ForkJoinPool.scan 41
java/util/concurrent/ForkJoinWorkerThread.run;java/util/concurrent/ForkJoinPool.runWorker;java/util/concurrent/ForkJoinPool.awaitWork 5
java/util/concurrent/ForkJoinWorkerThread.run;java/util/concurrent/ForkJoinPool.runWorker;java/util/concurrent/ForkJoinPool.scan;java/util/concurrent/ForkJoinPool$WorkQueue.topLevelExec;java/util/concurrent/ForkJoinTask.doExec;java/util/concurrent/ForkJoinTask$AdaptedRunnableAction.exec;java/lang/VirtualThread$$Lambda.0x00007a2c14031ad0.run;java/lang/VirtualThread.runContinuation;java/lang/VirtualThread.afterYield;java/lang/VirtualThread.externalSubmitRunContinuation;java/util/concurrent/ForkJoinPool.externalSubmit;java/util/concurrent/ForkJoinPool$WorkQueue.push 21
java/util/concurrent/ForkJoinWorkerThread.run;java/util/concurrent/ForkJoinPool.runWorker;java/util/concurrent/ForkJoinPool.scan 1
java/util/concurrent/ForkJoinWorkerThread.run;java/util/concurrent/ForkJoinPool.runWorker;java/util/concurrent/ForkJoinPool.scan;java/util/concurrent/ForkJoinPool$WorkQueue.topLevelExec;java/util/concurrent/ForkJoinTask.doExec;java/util/concurrent/ForkJoinTask$AdaptedRunnableAction.exec;java/lang/VirtualThread$$Lambda.0x00007a2c14031ad0.run;java/lang/VirtualThread.runContinuation;jdk/internal/vm/Continuation.run;jdk/internal/vm/Continuation.enterSpecial;jdk/internal/vm/Continuation.enter;jdk/internal/vm/Continuation.enter0;java/lang/VirtualThread$VThreadContinuation$1.run;java/lang/VirtualThread.run;java/lang/Thread.runWith;uk/ac/ncl/jensen/benchmark/VThreadTransitionBenchmark$$Lambda.0x00007a2c1402b5a0.run;uk/ac/ncl/jensen/benchmark/VThreadTransitionBenchmark.lambda$transition_yield$0;java/lang/Thread.yield;java/lang/VirtualThread.tryYield;java/lang/VirtualThread.yieldContinuation;jdk/internal/vm/Continuation.yield;jdk/internal/vm/Continuation.yield0;jdk/internal/vm/Continuation.doYield;int freeze<Config<(oop_kind)0, G1BarrierSet> >;FreezeBase::freeze_fast_existing_chunk 1
java/util/concurrent/ForkJoinWorkerThread.run;java/util/concurrent/ForkJoinPool.runWorker;java/util/concurrent/ForkJoinPool.scan;java/util/concurrent/ForkJoinPool$WorkQueue.topLevelExec;java/util/concurrent/ForkJoinTask.doExec;java/util/concurrent/ForkJoinTask$AdaptedRunnableAction.exec;java/lang/VirtualThread$$Lambda.0x00007a2c14031ad0.run;java/lang/VirtualThread.runContinuation;jdk/internal/vm/Continuation.run;jdk/internal/vm/Continuation.enterSpecial;jdk/internal/vm/Continuation.enter;jdk/internal/vm/Continuation.enter0;java/lang/VirtualThread$VThreadContinuation$1.run;java/lang/VirtualThread.run;java/lang/Thread.runWith;uk/ac/ncl/jensen/benchmark/VThreadTransitionBenchmark$$Lambda.0x00007a2c1402b5a0.run;uk/ac/ncl/jensen/benchmark/VThreadTransitionBenchmark.lambda$transition_yield$0;java/lang/Thread.yield;java/lang/VirtualThread.tryYield;java/lang/VirtualThread.yieldContinuation;jdk/internal/vm/Continuation.yield;jdk/internal/vm/Continuation.yield0 2
java/util/concurrent/ForkJoinWorkerThread.run;java/util/concurrent/ForkJoinPool.runWorker;java/util/concurrent/ForkJoinPool.scan;java/util/concurrent/ForkJoinPool$WorkQueue.topLevelExec;java/util/concurrent/ForkJoinTask.doExec;java/util/concurrent/ForkJoinTask$AdaptedRunnableAction.exec;java/lang/VirtualThread$$Lambda.0x00007a2c14031ad0.run;java/lang/VirtualThread.runContinuation;jdk/internal/vm/Continuation.run;jdk/internal/vm/Continuation.enterSpecial;jdk/internal/vm/Continuation.enter;jdk/internal/vm/Continuation.enter0;java/lang/VirtualThread$VThreadContinuation$1.run;java/lang/VirtualThread.run;java/lang/Thread.runWith;uk/ac/ncl/jensen/benchmark/VThreadTransitionBenchmark$$Lambda.0x00007a2c1402b5a0.run;uk/ac/ncl/jensen/benchmark/VThreadTransitionBenchmark.lambda$transition_yield$0;java/lang/Thread.yield;java/lang/VirtualThread.tryYield;java/lang/VirtualThread.yieldContinuation;_notify_jvmti_vthread_mount;SharedRuntime::notify_jvmti_vthread_mount;JvmtiVTMSTransitionDisabler::VTMS_vthread_mount;JvmtiVTMSTransitionDisabler::finish_VTMS_transition;java_lang_Thread::set_is_in_VTMS_transition 9
java/util/concurrent/ForkJoinWorkerThread.run;java/util/concurrent/ForkJoinPool.runWorker;java/util/concurrent/ForkJoinPool.scan;java/util/concurrent/ForkJoinPool$WorkQueue.topLevelExec;java/util/concurrent/ForkJoinTask.doExec;java/util/concurrent/ForkJoinTask$AdaptedRunnableAction.exec;java/lang/VirtualThread$$Lambda.0x00007a2c14031ad0.run;java/lang/VirtualThread.runContinuation;jdk/internal/vm/Continuation.run;jdk/internal/vm/Continuation.enterSpecial;jdk/internal/vm/Continuation.enter;jdk/internal/vm/Continuation.enter0;java/lang/VirtualThread$VThreadContinuation$1.run;java/lang/VirtualThread.run;java/lang/Thread.runWith;uk/ac/ncl/jensen/benchmark/VThreadTransitionBenchmark$$Lambda.0x00007a2c1402b5a0.run;uk/ac/ncl/jensen/benchmark/VThreadTransitionBenchmark.lambda$transition_yield$0;java/lang/Thread.yield;java/lang/VirtualThread.tryYield;java/lang/VirtualThread.yieldContinuation;jdk/internal/vm/Continuation.yield 5
java/util/concurrent/ForkJoinWorkerThread.run;java/util/concurrent/ForkJoinPool.runWorker;java/util/concurrent/ForkJoinPool.scan;java/util/concurrent/ForkJoinPool$WorkQueue.topLevelExec;java/util/concurrent/ForkJoinTask.doExec;java/util/concurrent/ForkJoinTask$AdaptedRunnableAction.exec;java/lang/VirtualThread$$Lambda.0x00007a2c14031ad0.run;java/lang/VirtualThread.runContinuation;jdk/internal/vm/Continuation.run;jdk/internal/vm/Continuation.enterSpecial;jdk/internal/vm/Continuation.enter;jdk/internal/vm/Continuation.enter0;java/lang/VirtualThread$VThreadContinuation$1.run;java/lang/VirtualThread.run;java/lang/Thread.runWith;uk/ac/ncl/jensen/benchmark/VThreadTransitionBenchmark$$Lambda.0x00007a2c1402b5a0.run;uk/ac/ncl/jensen/benchmark/VThreadTransitionBenchmark.lambda$transition_yield$0;java/lang/Thread.yield;java/lang/VirtualThread.tryYield;java/lang/VirtualThread.yieldContinuation;jdk/internal/vm/Continuation.yield;java/lang/System$2.getContinuation;java/lang/Thread.getContinuation 5
java/util/concurrent/ForkJoinWorkerThread.run;java/util/concurrent/ForkJoinPool.runWorker;java/util/concurrent/ForkJoinPool.scan;java/util/concurrent/ForkJoinPool$WorkQueue.topLevelExec;java/util/concurrent/ForkJoinTask.doExec;java/util/concurrent/ForkJoinTask$AdaptedRunnableAction.exec;java/lang/VirtualThread$$Lambda.0x00007a2c14031ad0.run;java/lang/VirtualThread.runContinuation;jdk/internal/vm/Continuation.run;jdk/internal/vm/Continuation.enterSpecial;jdk/internal/vm/Continuation.enter;jdk/internal/vm/Continuation.enter0;java/lang/VirtualThread$VThreadContinuation$1.run;java/lang/VirtualThread.run;java/lang/Thread.runWith;uk/ac/ncl/jensen/benchmark/VThreadTransitionBenchmark$$Lambda.0x00007a2c1402b5a0.run;uk/ac/ncl/jensen/benchmark/VThreadTransitionBenchmark.lambda$transition_yield$0;java/lang/Thread.yield;java/lang/VirtualThread.tryYield;java/lang/VirtualThread.yieldContinuation;_notify_jvmti_vthread_mount;SharedRuntime::notify_jvmti_vthread_mount;JNIHandles::make_local 8
java/util/concurrent/ForkJoinWorkerThread.run;java/util/concurrent/ForkJoinPool.runWorker;java/util/concurrent/ForkJoinPool.scan;java/util/concurrent/ForkJoinPool$WorkQueue.topLevelExec;java/util/concurrent/ForkJoinTask.doExec;java/util/concurrent/ForkJoinTask$AdaptedRunnableAction.exec;java/lang/VirtualThread$$Lambda.0x00007a2c14031ad0.run;java/lang/VirtualThread.runContinuation;java/lang/VirtualThread.afterYield;java/lang/VirtualThread.setState 8
java/util/concurrent/ForkJoinWorkerThread.run;java/util/concurrent/ForkJoinPool.runWorker;java/util/concurrent/ForkJoinPool.scan 30
java/util/concurrent/ForkJoinWorkerThread.run;java/util/concurrent/ForkJoinPool.runWorker;java/util/concurrent/ForkJoinPool.scan 2
java/util/concurrent/ForkJoinWorkerThread.run;java/util/concurrent/ForkJoinPool.runWorker;java/util/concurrent/ForkJoinPool.scan;java/util/concurrent/ForkJoinPool$WorkQueue.topLevelExec;java/util/concurrent/ForkJoinTask.doExec;java/util/concurrent/ForkJoinTask$AdaptedRunnableAction.exec;java/lang/VirtualThread$$Lambda.0x00007a2c14031ad0.run;java/lang/VirtualThread.runContinuation;java/lang/VirtualThread.unmount;_notify_jvmti_vthread_unmount;SharedRuntime::notify_jvmti_vthread_unmount;JvmtiVTMSTransitionDisabler::finish_VTMS_transition 8
java/util/concurrent/ForkJoinWorkerThread.run;java/util/concurrent/ForkJoinPool.runWorker;java/util/concurrent/ForkJoinPool.scan;java/util/concurrent/ForkJoinPool$WorkQueue.topLevelExec;java/util/concurrent/ForkJoinTask.doExec;java/util/concurrent/ForkJoinTask$AdaptedRunnableAction.exec;java/lang/VirtualThread$$Lambda.0x00007a2c14031ad0.run;java/lang/VirtualThread.runContinuation;java/lang/VirtualThread.mount;_notify_jvmti_vthread_mount;SharedRuntime::notify_jvmti_vthread_mount;JvmtiVTMSTransitionDisabler::start_VTMS_transition;java_lang_Thread::VTMS_transition_disable_count 1
Cont thaw;long* thaw<Config<(oop_kind)0, G1BarrierSet> >;AccessInternal::PostRuntimeDispatch<G1BarrierSet::AccessBarrier<286822ul, G1BarrierSet>, (AccessInternal::BarrierType)3, 286822ul>::oop_access_barrier 3
java/util/concurrent/ForkJoinWorkerThread.run;java/util/concurrent/ForkJoinPool.runWorker;java/util/concurrent/ForkJoinPool.awaitWork;java/util/concurrent/locks/LockSupport.park;jdk/internal/misc/Unsafe.park;Unsafe_Park;java_lang_Thread::set_thread_status 1
java/util/concurrent/ForkJoinWorkerThread.run;java/util/concurrent/ForkJoinPool.runWorker;java/util/concurrent/ForkJoinPool.scan;java/util/concurrent/ForkJoinPool$WorkQueue.topLevelExec;java/util/concurrent/ForkJoinPool$WorkQueue.tryPoll 1
java/util/concurrent/ForkJoinWorkerThread.run;java/util/concurrent/ForkJoinPool.runWorker;java/util/concurrent/ForkJoinPool.scan;java/util/concurrent/ForkJoinPool$WorkQueue.topLevelExec;java/util/concurrent/ForkJoinPool$WorkQueue.nextLocalTask 7
java/util/concurrent/ForkJoinWorkerThread.run;java/util/concurrent/ForkJoinPool.runWorker;java/util/concurrent/ForkJoinPool.scan;java/util/concurrent/ForkJoinPool$WorkQueue.topLevelExec;java/util/concurrent/ForkJoinTask.doExec;java/util/concurrent/ForkJoinTask$AdaptedRunnableAction.exec;java/lang/VirtualThread$$Lambda.0x00007a2c14031ad0.run;java/lang/VirtualThread.runContinuation;java/lang/VirtualThread.afterYield;java/lang/VirtualThread.externalSubmitRunContinuation;java/util/concurrent/ForkJoinPool.externalSubmit;java/util/concurrent/ForkJoinPool$WorkQueue.push 7
java/util/concurrent/ForkJoinWorkerThread.run;java/util/concurrent/ForkJoinPool.runWorker;java/util/concurrent/ForkJoinPool.scan;java/util/concurrent/ForkJoinPool$WorkQueue.topLevelExec;java/util/concurrent/ForkJoinTask.doExec;java/util/concurrent/ForkJoinTask$AdaptedRunnableAction.exec;java/lang/VirtualThread$$Lambda.0x00007a2c14031ad0.run;java/lang/VirtualThread.runContinuation;jdk/internal/vm/Continuation.run 1
java/util/concurrent/ForkJoinWorkerThread.run;java/util/concurrent/ForkJoinPool.runWorker;java/util/concurrent/ForkJoinPool.scan;java/util/concurrent/ForkJoinPool$WorkQueue.topLevelExec;java/util/concurrent/ForkJoinTask.doExec;java/util/concurrent/ForkJoinTask$AdaptedRunnableAction.exec;java/lang/VirtualThread$$Lambda.0x00007a2c14031ad0.run;java/lang/VirtualThread.runContinuation;jdk/internal/vm/Continuation.run;jdk/internal/vm/Continuation.enterSpecial;jdk/internal/vm/Continuation.enter;jdk/internal/vm/Continuation.enter0;java/lang/VirtualThread$VThreadContinuation$1.run;java/lang/VirtualThread.run;java/lang/Thread.runWith;uk/ac/ncl/jensen/benchmark/VThreadTransitionBenchmark$$Lambda.0x00007a2c1402b5a0.run;uk/ac/ncl/jensen/benchmark/VThreadTransitionBenchmark.lambda$transition_yield$0;java/lang/Thread.yield;java/lang/VirtualThread.tryYield;java/lang/VirtualThread.yieldContinuation;jdk/internal/vm/Continuation.yield;jdk/internal/vm/Continuation.yield0 1
/usr/lib/x86_64-linux-gnu/libc.so.6;/usr/lib/x86_64-linux-gnu/libc.so.6;thread_native_entry;Thread::call_run;WorkerThread::run;G1EvacuateRegionsBaseTask::work;G1EvacuateRegionsTask::evacuate_live_objects;G1ParEvacuateFollowersClosure::do_void;G1ParScanThreadState::steal_and_trim_queue 1
java/util/concurrent/ForkJoinWorkerThread.run;java/util/concurrent/ForkJoinPool.runWorker;java/util/concurrent/ForkJoinPool.scan 57
java/util/concurrent/ForkJoinWorkerThread.run;java/util/concurrent/ForkJoinPool.runWorker;java/util/concurrent/ForkJoinPool.scan;java/util/concurrent/ForkJoinPool$WorkQueue.topLevelExec;java/util/concurrent/ForkJoinTask.doExec;java/util/concurrent/ForkJoinTask$AdaptedRunnableAction.exec;java/lang/VirtualThread$$Lambda.0x00007a2c14031ad0.run;java/lang/VirtualThread.runContinuation;java/lang/VirtualThread.unmount;_notify_jvmti_vthread_unmount;SharedRuntime::notify_jvmti_vthread_unmount;JvmtiVTMSTransitionDisabler::finish_VTMS_transition;java_lang_Thread::set_is_in_VTMS_transition 5
Cont thaw;long* thaw<Config<(oop_kind)0, G1BarrierSet> >;Thaw<Config<(oop_kind)0, G1BarrierSet> >::thaw_fast 11
java/util/concurrent/ForkJoinWorkerThread.run;java/util/concurrent/ForkJoinPool.runWorker;java/util/concurrent/ForkJoinPool.awaitWork 30
java/util/concurrent/ForkJoinWorkerThread.run;java/util/concurrent/ForkJoinPool.runWorker;java/util/concurrent/ForkJoinPool.scan;java/util/concurrent/ForkJoinPool$WorkQueue.topLevelExec;java/util/concurrent/ForkJoinTask.doExec;java/util/concurrent/ForkJoinTask$AdaptedRunnableAction.exec;java/lang/VirtualThread$$Lambda.0x00007a2c14031ad0.run;java/lang/VirtualThread.runContinuation;java/lang/VirtualThread.afterYield;java/lang/VirtualThread.externalSubmitRunContinuation;java/util/concurrent/ForkJoinPool.externalSubmit;java/util/concurrent/ForkJoinPool.submissionQueue;java/util/concurrent/ForkJoinPool$WorkQueue.getAndSetAccess 6
java/util/concurrent/ForkJoinWorkerThread.run;java/util/concurrent/ForkJoinPool.runWorker;java/util/concurrent/ForkJoinPool.scan 231
java/util/concurrent/ForkJoinWorkerThread.run;java/util/concurrent/ForkJoinPool.runWorker;java/util/concurrent/ForkJoinPool.awaitWork;java/util/concurrent/locks/LockSupport.park;jdk/internal/misc/Unsafe.park;Unsafe_Park;ThreadInVMfromNative::ThreadInVMfromNative 1
java/util/concurrent/ForkJoinWorkerThread.run;java/util/concurrent/ForkJoinPool.runWorker;java/util/concurrent/ForkJoinPool.scan 3
java/util/concurrent/ForkJoinWorkerThread.run;java/util/concurrent/ForkJoinPool.runWorker;java/util/concurrent/ForkJoinPool.scan;java/util/concurrent/ForkJoinPool$WorkQueue.topLevelExec;java/util/concurrent/ForkJoinPool$WorkQueue.tryPoll;java/util/concurrent/ForkJoinPool$WorkQueue.casSlotToNull 7
java/util/concurrent/ForkJoinWorkerThread.run;java/util/concurrent/ForkJoinPool.runWorker;java/util/concurrent/ForkJoinPool.scan;java/util/concurrent/ForkJoinPool$WorkQueue.topLevelExec;java/util/concurrent/ForkJoinTask.doExec;java/util/concurrent/ForkJoinTask$AdaptedRunnableAction.exec;java/lang/VirtualThread$$Lambda.0x00007a2c14031ad0.run;java/lang/VirtualThread.runContinuation;jdk/internal/vm/Continuation.run;jdk/internal/vm/Continuation.enterSpecial;jdk/internal/vm/Continuation.enter;jdk/internal/vm/Continuation.enter0;java/lang/VirtualThread$VThreadContinuation$1.run;java/lang/VirtualThread.run;java/lang/Thread.runWith;uk/ac/ncl/jensen/benchmark/VThreadTransitionBenchmark$$Lambda.0x00007a2c1402b5a0.run;uk/ac/ncl/jensen/benchmark/VThreadTransitionBenchmark.lambda$transition_yield$0;java/lang/Thread.yield;java/lang/VirtualThread.tryYield;java/lang/VirtualThread.yieldContinuation;_notify_jvmti_vthread_mount;SharedRuntime::notify_jvmti_vthread_mount;JNIHandles::make_local;__tls_get_addr 3
java/util/concurrent/ForkJoinWorkerThread.run;java/util/concurrent/ForkJoinPool.runWorker;java/util/concurrent/ForkJoinPool.scan;java/util/concurrent/ForkJoinPool$WorkQueue.topLevelExec;java/util/concurrent/ForkJoinTask.doExec;java/util/concurrent/ForkJoinTask$AdaptedRunnableAction.exec;java/lang/VirtualThread$$Lambda.0x00007a2c14031ad0.run;java/lang/VirtualThread.runContinuation;java/lang/VirtualThread.afterYield;java/util/concurrent/ForkJoinWorkerThread.getQueuedTaskCount 1
java/util/concurrent/ForkJoinWorkerThread.run;java/util/concurrent/ForkJoinPool.runWorker;java/util/concurrent/ForkJoinPool.scan;java/util/concurrent/ForkJoinPool$WorkQueue.topLevelExec;java/util/concurrent/ForkJoinTask.doExec;java/util/concurrent/ForkJoinTask$AdaptedRunnableAction.exec;java/lang/VirtualThread$$Lambda.0x00007a2c14031ad0.run;java/lang/VirtualThread.runContinuation;jdk/internal/vm/Continuation.run;jdk/internal/vm/Continuation.enterSpecial;int freeze<Config<(oop_kind)0, G1BarrierSet> >;FreezeBase::freeze_fast_copy 3
java/util/concurrent/ForkJoinWorkerThread.run;java/util/concurrent/ForkJoinPool.runWorker;java/util/concurrent/ForkJoinPool.scan;java/util/concurrent/ForkJoinPool$WorkQueue.topLevelExec;java/util/concurrent/ForkJoinTask.doExec;java/util/concurrent/ForkJoinTask$AdaptedRunnableAction.exec;java/lang/VirtualThread$$Lambda.0x00007a2c14031ad0.run;java/lang/VirtualThread.runContinuation;java/lang/VirtualThread.afterYield;java/lang/VirtualThread.externalSubmitRunContinuation;java/util/concurrent/ForkJoinPool.externalSubmit;java/util/concurrent/ForkJoinPool.submissionQueue 1
java/util/concurrent/ForkJoinWorkerThread.run;java/util/concurrent/ForkJoinPool.runWorker;java/util/concurrent/ForkJoinPool.scan;java/util/concurrent/ForkJoinPool$WorkQueue.topLevelExec;java/util/concurrent/ForkJoinTask.doExec;java/util/concurrent/ForkJoinTask$AdaptedRunnableAction.exec;java/lang/VirtualThread$$Lambda.0x00007a2c14031ad0.run;java/lang/VirtualThread.runContinuation;java/lang/VirtualThread.afterYield;java/util/concurrent/ForkJoinWorkerThread.getQueuedTaskCount;java/util/concurrent/ForkJoinPool$WorkQueue.queueSize 3
java/util/concurrent/ForkJoinWorkerThread.run;java/util/concurrent/ForkJoinPool.runWorker;java/util/concurrent/ForkJoinPool.scan;java/util/concurrent/ForkJoinPool$WorkQueue.topLevelExec;java/util/concurrent/ForkJoinTask.doExec;java/util/concurrent/ForkJoinTask$AdaptedRunnableAction.exec;java/lang/VirtualThread$$Lambda.0x00007a2c14031ad0.run;java/lang/VirtualThread.runContinuation 13
java/util/concurrent/ForkJoinWorkerThread.run;java/util/concurrent/ForkJoinPool.runWorker;java/util/concurrent/ForkJoinPool.scan;java/util/concurrent/ForkJoinPool$WorkQueue.topLevelExec;java/util/concurrent/ForkJoinTask.doExec;java/util/concurrent/ForkJoinTask$AdaptedRunnableAction.exec;java/lang/VirtualThread$$Lambda.0x00007a2c14031ad0.run;java/lang/VirtualThread.runContinuation;java/lang/VirtualThread.afterYield;java/lang/VirtualThread.externalSubmitRunContinuation;java/util/concurrent/ForkJoinPool.externalSubmit;java/util/concurrent/ForkJoinPool$WorkQueue.push;java/util/concurrent/ForkJoinPool.signalWork 50
java/util/concurrent/ForkJoinWorkerThread.run;java/util/concurrent/ForkJoinPool.runWorker;java/util/concurrent/ForkJoinPool.scan 7
java/util/concurrent/ForkJoinWorkerThread.run;java/util/concurrent/ForkJoinPool.runWorker;java/util/concurrent/ForkJoinPool.scan;java/util/concurrent/ForkJoinPool$WorkQueue.topLevelExec;java/util/concurrent/ForkJoinTask.doExec 3
java/util/concurrent/ForkJoinWorkerThread.run;java/util/concurrent/ForkJoinPool.runWorker;java/util/concurrent/ForkJoinPool.scan;java/util/concurrent/ForkJoinPool$WorkQueue.topLevelExec;java/util/concurrent/ForkJoinTask.doExec;java/util/concurrent/ForkJoinTask$AdaptedRunnableAction.exec;java/lang/VirtualThread$$Lambda.0x00007a2c14031ad0.run;java/lang/VirtualThread.runContinuation 3
Cont thaw;long* thaw<Config<(oop_kind)0, G1BarrierSet> > 6
java/util/concurrent/ForkJoinWorkerThread.run;java/util/concurrent/ForkJoinPool.runWorker;java/util/concurrent/ForkJoinPool.scan 17
java/util/concurrent/ForkJoinWorkerThread.run;java/util/concurrent/ForkJoinPool.runWorker;java/util/concurrent/ForkJoinPool.scan 1
java/util/concurrent/ForkJoinWorkerThread.run;java/util/concurrent/ForkJoinPool.runWorker;java/util/concurrent/ForkJoinPool.scan;java/util/concurrent/ForkJoinPool$WorkQueue.topLevelExec;java/util/concurrent/ForkJoinTask.doExec;java/util/concurrent/ForkJoinTask$AdaptedRunnableAction.exec;java/lang/VirtualThread$$Lambda.0x00007a2c14031ad0.run;java/lang/VirtualThread.runContinuation;jdk/internal/vm/Continuation.run;jdk/internal/vm/Continuation.mount;jdk/internal/vm/Continuation.compareAndSetMounted;jdk/internal/misc/Unsafe.compareAndSetBoolean 8
java/util/concurrent/ForkJoinWorkerThread.run;java/util/concurrent/ForkJoinPool.runWorker;java/util/concurrent/ForkJoinPool.scan;java/util/concurrent/ForkJoinPool$WorkQueue.topLevelExec;java/util/concurrent/ForkJoinTask.doExec;java/util/concurrent/ForkJoinTask$AdaptedRunnableAction.exec;java/lang/VirtualThread$$Lambda.0x00007a2c14031ad0.run;java/lang/VirtualThread.runContinuation;java/lang/VirtualThread.unmount 1
Cont thaw 2
/usr/lib/x86_64-linux-gnu/libc.so.6;/usr/lib/x86_64-linux-gnu/libc.so.6;thread_native_entry;Thread::call_run;JavaThread::thread_main_inner;CompileBroker::compiler_thread_loop;CompileBroker::invoke_compiler_on_method;C2Compiler::compile_method;Compile::Compile;Compile::Code_Gen;PhaseCFG::do_global_code_motion;PhaseCFG::build_dominator_tree 1
java/util/concurrent/ForkJoinWorkerThread.run;java/util/concurrent/ForkJoinPool.runWorker;java/util/concurrent/ForkJoinPool.scan;java/util/concurrent/ForkJoinPool$WorkQueue.topLevelExec;java/util/concurrent/ForkJoinTask.doExec;java/util/concurrent/ForkJoinTask$AdaptedRunnableAction.exec;java/lang/VirtualThread$$Lambda.0x00007a2c14031ad0.run;java/lang/VirtualThread.runContinuation;java/lang/VirtualThread.unmount;_notify_jvmti_vthread_unmount;SharedRuntime::notify_jvmti_vthread_unmount;JvmtiVTMSTransitionDisabler::finish_VTMS_transition;__tls_get_addr 2
java/util/concurrent/ForkJoinWorkerThread.run;java/util/concurrent/ForkJoinPool.runWorker;java/util/concurrent/ForkJoinPool.scan;java/util/concurrent/ForkJoinPool$WorkQueue.topLevelExec;java/util/concurrent/ForkJoinTask.doExec;java/util/concurrent/ForkJoinTask$AdaptedRunnableAction.exec;java/lang/VirtualThread$$Lambda.0x00007a2c14031ad0.run;java/lang/VirtualThread.runContinuation;jdk/internal/vm/Continuation.run;jdk/internal/vm/Continuation.enterSpecial;int freeze<Config<(oop_kind)0, G1BarrierSet> >;FreezeBase::freeze_fast_copy;oopDesc::address_field_put 1
java/util/concurrent/ForkJoinWorkerThread.run;java/util/concurrent/ForkJoinPool.runWorker;java/util/concurrent/ForkJoinPool.scan;java/util/concurrent/ForkJoinPool$WorkQueue.topLevelExec;java/util/concurrent/ForkJoinTask.doExec;java/util/concurrent/ForkJoinTask$AdaptedRunnableAction.exec;java/lang/VirtualThread$$Lambda.0x00007a2c14031ad0.run;java/lang/VirtualThread.runContinuation;java/lang/VirtualThread.afterYield;java/lang/VirtualThread.externalSubmitRunContinuation;java/util/concurrent/ForkJoinPool.externalSubmit;java/util/concurrent/ForkJoinTask.markPoolSubmission;java/util/concurrent/ForkJoinTask.getAndBitwiseOrStatus;jdk/internal/misc/Unsafe.getAndBitwiseOrInt 46
java/util/concurrent/ForkJoinWorkerThread.run;java/util/concurrent/ForkJoinPool.runWorker 1
java/util/concurrent/ForkJoinWorkerThread.run;java/util/concurrent/ForkJoinPool.runWorker;java/util/concurrent/ForkJoinPool.scan;java/util/concurrent/ForkJoinPool$WorkQueue.topLevelExec;java/util/concurrent/ForkJoinTask.doExec;java/util/concurrent/ForkJoinTask$AdaptedRunnableAction.exec;java/lang/VirtualThread$$Lambda.0x00007a2c14031ad0.run;java/lang/VirtualThread.runContinuation;jdk/internal/vm/Continuation.run;jdk/internal/vm/Continuation.enterSpecial;jdk/internal/vm/Continuation.enter;jdk/internal/vm/Continuation.enter0;java/lang/VirtualThread$VThreadContinuation$1.run;java/lang/VirtualThread.run;java/lang/Thread.runWith;uk/ac/ncl/jensen/benchmark/VThreadTransitionBenchmark$$Lambda.0x00007a2c1402b5a0.run;uk/ac/ncl/jensen/benchmark/VThreadTransitionBenchmark.lambda$transition_yield$0;java/lang/Thread.yield;java/lang/VirtualThread.tryYield;java/lang/VirtualThread.yieldContinuation;_notify_jvmti_vthread_mount;SharedRuntime::notify_jvmti_vthread_mount;JvmtiVTMSTransitionDisabler::VTMS_vthread_mount;JvmtiVTMSTransitionDisabler::VTMS_mount_end;Mutex::lock;pthread_mutex_trylock@plt 1
java/util/concurrent/ForkJoinWorkerThread.run;java/util/concurrent/ForkJoinPool.runWorker;java/util/concurrent/ForkJoinPool.scan;java/util/concurrent/ForkJoinPool$WorkQueue.topLevelExec;java/util/concurrent/ForkJoinTask.doExec;java/util/concurrent/ForkJoinTask$AdaptedRunnableAction.exec;java/lang/VirtualThread$$Lambda.0x00007a2c14031ad0.run;java/lang/VirtualThread.runContinuation;java/lang/VirtualThread.mount;_notify_jvmti_vthread_mount;SharedRuntime::notify_jvmti_vthread_mount;JNIHandleBlock::allocate_handle 4
java/util/concurrent/ForkJoinWorkerThread.run;java/util/concurrent/ForkJoinPool.runWorker;java/util/concurrent/ForkJoinPool.scan 12
java/util/concurrent/ForkJoinWorkerThread.run;java/util/concurrent/ForkJoinPool.runWorker;java/util/concurrent/ForkJoinPool.scan;java/util/concurrent/ForkJoinPool$WorkQueue.topLevelExec;java/util/concurrent/ForkJoinTask.doExec;java/util/concurrent/ForkJoinTask$AdaptedRunnableAction.exec;java/lang/VirtualThread$$Lambda.0x00007a2c14031ad0.run;java/lang/VirtualThread.runContinuation;jdk/internal/vm/Continuation.run;jdk/internal/vm/Continuation.enterSpecial;jdk/internal/vm/Continuation.enter;jdk/internal/vm/Continuation.enter0;java/lang/VirtualThread$VThreadContinuation$1.run;java/lang/VirtualThread.run;java/lang/Thread.runWith;uk/ac/ncl/jensen/benchmark/VThreadTransitionBenchmark$$Lambda.0x00007a2c1402b5a0.run;uk/ac/ncl/jensen/benchmark/VThreadTransitionBenchmark.lambda$transition_yield$0;java/lang/Thread.yield;java/lang/VirtualThread.tryYield;java/lang/VirtualThread.yieldContinuation;_notify_jvmti_vthread_unmount;SharedRuntime::notify_jvmti_vthread_unmount;JvmtiVTMSTransitionDisabler::VTMS_vthread_unmount;JvmtiVTMSTransitionDisabler::start_VTMS_transition;java_lang_Thread::set_is_in_VTMS_transition 7
java/util/concurrent/ForkJoinWorkerThread.run;java/util/concurrent/ForkJoinPool.runWorker;java/util/concurrent/ForkJoinPool.scan;java/util/concurrent/ForkJoinPool$WorkQueue.topLevelExec;java/util/concurrent/ForkJoinTask.doExec;java/util/concurrent/ForkJoinTask$AdaptedRunnableAction.exec;java/lang/VirtualThread$$Lambda.0x00007a2c14031ad0.run;java/lang/VirtualThread.runContinuation;jdk/internal/vm/Continuation.run;java/lang/System$2.getContinuation;java/lang/Thread.getContinuation 2
java/util/concurrent/ForkJoinWorkerThread.run;java/util/concurrent/ForkJoinPool.runWorker;java/util/concurrent/ForkJoinPool.awaitWork;java/util/concurrent/locks/LockSupport.park;jdk/internal/misc/Unsafe.park;Unsafe_Park;Parker::park;__pthread_mutex_unlock 1
java/util/concurrent/ForkJoinWorkerThread.run;java/util/concurrent/ForkJoinPool.runWorker;java/util/concurrent/ForkJoinPool.scan 10
java/util/concurrent/ForkJoinWorkerThread.run;java/util/concurrent/ForkJoinPool.runWorker;java/util/concurrent/ForkJoinPool.awaitWork;java/util/concurrent/locks/LockSupport.park;jdk/internal/misc/Unsafe.park;Unsafe_Park;Parker::park;JavaThread::is_interrupted 1
java/util/concurrent/ForkJoinWorkerThread.run;java/util/concurrent/ForkJoinPool.runWorker;java/util/concurrent/ForkJoinPool.scan;java/util/concurrent/ForkJoinPool$WorkQueue.topLevelExec;java/util/concurrent/ForkJoinTask.doExec;java/util/concurrent/ForkJoinTask$AdaptedRunnableAction.exec;java/lang/VirtualThread$$Lambda.0x00007a2c14031ad0.run;java/lang/VirtualThread.runContinuation;jdk/internal/vm/Continuation.run;jdk/internal/vm/Continuation.enterSpecial;jdk/internal/vm/Continuation.enter;jdk/internal/vm/Continuation.enter0;java/lang/VirtualThread$VThreadContinuation$1.run;java/lang/VirtualThread.run;java/lang/Thread.runWith;uk/ac/ncl/jensen/benchmark/VThreadTransitionBenchmark$$Lambda.0x00007a2c1402b5a0.run;uk/ac/ncl/jensen/benchmark/VThreadTransitionBenchmark.lambda$transition_yield$0;java/lang/Thread.yield;java/lang/VirtualThread.tryYield;java/lang/VirtualThread.yieldContinuation;_notify_jvmti_vthread_mount;SharedRuntime::notify_jvmti_vthread_mount;JvmtiVTMSTransitionDisabler::VTMS_vthread_mount;JvmtiVTMSTransitionDisabler::VTMS_mount_end;JavaThread::rebind_to_jvmti_thread_state_of;java_lang_Thread::jvmti_thread_state 1
java/util/concurrent/ForkJoinWorkerThread.run;java/util/concurrent/ForkJoinPool.runWorker;java/util/concurrent/ForkJoinPool.scan 67
java/util/concurrent/ForkJoinWorkerThread.run;java/util/concurrent/ForkJoinPool.runWorker;java/util/concurrent/ForkJoinPool.scan;java/util/concurrent/ForkJoinPool$WorkQueue.topLevelExec;java/util/concurrent/ForkJoinTask.doExec;java/util/concurrent/ForkJoinTask$AdaptedRunnableAction.exec;java/lang/VirtualThread$$Lambda.0x00007a2c14031ad0.run;java/lang/VirtualThread.runContinuation;jdk/internal/vm/Continuation.run;jdk/internal/vm/Continuation.enterSpecial;jdk/internal/vm/Continuation.enter;jdk/internal/vm/Continuation.enter0;java/lang/VirtualThread$VThreadContinuation$1.run;java/lang/VirtualThread.run;java/lang/Thread.runWith;uk/ac/ncl/jensen/benchmark/VThreadTransitionBenchmark$$Lambda.0x00007a2c1402b5a0.run;uk/ac/ncl/jensen/benchmark/VThreadTransitionBenchmark.lambda$transition_yield$0;java/lang/Thread.yield;java/lang/VirtualThread.tryYield;java/lang/VirtualThread.yieldContinuation;_notify_jvmti_vthread_unmount;SharedRuntime::notify_jvmti_vthread_unmount;JavaThread::rebind_to_jvmti_thread_state_of;AccessInternal::PostRuntimeDispatch<G1BarrierSet::AccessBarrier<548964ul, G1BarrierSet>, (AccessInternal::BarrierType)0, 548964ul>::oop_access_barrier 1
java/util/concurrent/ForkJoinWorkerThread.run;java/util/concurrent/ForkJoinPool.runWorker;java/util/concurrent/ForkJoinPool.awaitWork;java/util/concurrent/locks/LockSupport.park;jdk/internal/misc/Unsafe.park;Unsafe_Park;Parker::park;pthread_cond_wait 4
java/lang/Thread.run;java/lang/Thread.runWith;java/util/concurrent/ThreadPoolExecutor$Worker.run;java/util/concurrent/ThreadPoolExecutor.runWorker;java/util/concurrent/FutureTask.run;java/util/concurrent/Executors$RunnableAdapter.call;java/util/concurrent/FutureTask.run;org/openjdk/jmh/runner/BenchmarkHandler$BenchmarkTask.call;org/openjdk/jmh/runner/BenchmarkHandler$BenchmarkTask.call;java/lang/reflect/Method.invoke;jdk/internal/reflect/DirectMethodHandleAccessor.invoke;jdk/internal/reflect/DirectMethodHandleAccessor.invokeImpl;java/lang/invoke/LambdaForm$MH.0x00007a2c1402dc00.invokeExact_MT;java/lang/invoke/LambdaForm$MH.0x00007a2c1402d800.invoke;java/lang/invoke/DirectMethodHandle$Holder.invokeSpecial;uk/ac/ncl/jensen/benchmark/jmh_generated/VThreadTransitionBenchmark_transition_yield_jmhTest.transition_yield_AverageTime;uk/ac/ncl/jensen/benchmark/jmh_generated/VThreadTransitionBenchmark_transition_yield_jmhTest.transition_yield_avgt_jmhStub;uk/ac/ncl/jensen/benchmark/VThreadTransitionBenchmark.transition_yield;java/lang/VirtualThread.start;java/lang/VirtualThread.start;java/lang/VirtualThread.submitRunContinuation;java/util/concurrent/ForkJoinPool.execute;java/util/concurrent/ForkJoinPool.poolSubmit;java/util/concurrent/ForkJoinPool$WorkQueue.push;java/util/concurrent/ForkJoinPool.signalWork;java/util/concurrent/locks/LockSupport.unpark;jdk/internal/misc/Unsafe.unpark;Unsafe_Unpark;Parker::unpark;pthread_mutex_lock 1
java/util/concurrent/ForkJoinWorkerThread.run;java/util/concurrent/ForkJoinPool.runWorker;java/util/concurrent/ForkJoinPool.scan;java/util/concurrent/ForkJoinPool$WorkQueue.topLevelExec;java/util/concurrent/ForkJoinTask.doExec;java/util/concurrent/ForkJoinTask$AdaptedRunnableAction.exec;java/lang/VirtualThread$$Lambda.0x00007a2c14031ad0.run;java/lang/VirtualThread.runContinuation;java/lang/VirtualThread.afterYield;java/lang/VirtualThread.externalSubmitRunContinuation;java/util/concurrent/ForkJoinPool.externalSubmit;java/util/concurrent/ForkJoinPool$WorkQueue.push;java/util/concurrent/ForkJoinPool.signalWork;java/util/concurrent/locks/LockSupport.unpark;jdk/internal/misc/Unsafe.unpark;Unsafe_Unpark;Parker::unpark;pthread_mutex_lock 7
java/util/concurrent/ForkJoinWorkerThread.run;java/util/concurrent/ForkJoinPool.runWorker;java/util/concurrent/ForkJoinPool.scan;java/util/concurrent/ForkJoinPool$WorkQueue.topLevelExec;java/util/concurrent/ForkJoinTask.doExec;java/util/concurrent/ForkJoinTask$AdaptedRunnableAction.exec;java/lang/VirtualThread$$Lambda.0x00007a2c14031ad0.run;java/lang/VirtualThread.runContinuation;java/lang/VirtualThread.unmount 12
Cont thaw;Continuation::prepare_thaw 32
java/util/concurrent/ForkJoinWorkerThread.run;java/util/concurrent/ForkJoinPool.runWorker;java/util/concurrent/ForkJoinPool.scan 39
java/util/concurrent/ForkJoinWorkerThread.run;java/util/concurrent/ForkJoinPool.runWorker 1
java/util/concurrent/ForkJoinWorkerThread.run;java/util/concurrent/ForkJoinPool.runWorker;java/util/concurrent/ForkJoinPool.scan;java/util/concurrent/ForkJoinPool$WorkQueue.casSlotToNull 21
_notify_jvmti_vthread_unmount 1
java/util/concurrent/ForkJoinWorkerThread.run;java/util/concurrent/ForkJoinPool.runWorker;java/util/concurrent/ForkJoinPool.scan;java/util/concurrent/ForkJoinPool$WorkQueue.topLevelExec;java/util/concurrent/ForkJoinTask.doExec;java/util/concurrent/ForkJoinTask$AdaptedRunnableAction.exec;java/lang/VirtualThread$$Lambda.0x00007a2c14031ad0.run;java/lang/VirtualThread.runContinuation;java/lang/VirtualThread.afterYield;java/lang/VirtualThread.externalSubmitRunContinuation;java/util/concurrent/ForkJoinPool.externalSubmit;java/util/concurrent/ForkJoinPool$WorkQueue.push;java/util/concurrent/ForkJoinPool$WorkQueue.getAndSetAccess 81
java/util/concurrent/ForkJoinWorkerThread.run;java/util/concurrent/ForkJoinPool.runWorker;java/util/concurrent/ForkJoinPool.scan;java/util/concurrent/ForkJoinPool$WorkQueue.topLevelExec;java/util/concurrent/ForkJoinTask.doExec;java/util/concurrent/ForkJoinTask$AdaptedRunnableAction.exec;java/lang/VirtualThread$$Lambda.0x00007a2c14031ad0.run;java/lang/VirtualThread.runContinuation;java/lang/VirtualThread.afterYield;java/lang/VirtualThread.externalSubmitRunContinuation;java/util/concurrent/ForkJoinPool.externalSubmit;java/util/concurrent/ForkJoinPool$WorkQueue.push;java/util/concurrent/ForkJoinPool.signalWork;java/util/concurrent/locks/LockSupport.unpark;jdk/internal/misc/Unsafe.unpark;Unsafe_Unpark;pthread_cond_signal 32
java/util/concurrent/ForkJoinWorkerThread.run;java/util/concurrent/ForkJoinPool.runWorker;java/util/concurrent/ForkJoinPool.awaitWork;java/util/concurrent/locks/LockSupport.park;jdk/internal/misc/Unsafe.park;Unsafe_Park;Parker::park;pthread_mutex_trylock 2
java/util/concurrent/ForkJoinWorkerThread.run;java/util/concurrent/ForkJoinPool.runWorker;java/util/concurrent/ForkJoinPool.scan;java/util/concurrent/ForkJoinPool$WorkQueue.topLevelExec;java/util/concurrent/ForkJoinTask.doExec;java/util/concurrent/ForkJoinTask$AdaptedRunnableAction.exec;java/lang/VirtualThread$$Lambda.0x00007a2c14031ad0.run;java/lang/VirtualThread.runContinuation;java/lang/VirtualThread.mount;java/lang/VirtualThread.setCarrierThread 7
java/util/concurrent/ForkJoinWorkerThread.run;java/util/concurrent/ForkJoinPool.runWorker;java/util/concurrent/ForkJoinPool.scan;java/util/concurrent/ForkJoinPool$WorkQueue.topLevelExec;java/util/concurrent/ForkJoinTask.doExec;java/util/concurrent/ForkJoinTask$AdaptedRunnableAction.exec;java/lang/VirtualThread$$Lambda.0x00007a2c14031ad0.run;java/lang/VirtualThread.runContinuation;java/lang/VirtualThread.mount;_notify_jvmti_vthread_mount;SharedRuntime::notify_jvmti_vthread_mount;JvmtiVTMSTransitionDisabler::start_VTMS_transition 9
java/lang/Thread.run;java/lang/Thread.runWith;java/util/concurrent/ThreadPoolExecutor$Worker.run;java/util/concurrent/ThreadPoolExecutor.runWorker;java/util/concurrent/FutureTask.run;java/util/concurrent/Executors$RunnableAdapter.call;java/util/concurrent/FutureTask.run;org/openjdk/jmh/runner/BenchmarkHandler$BenchmarkTask.call;org/openjdk/jmh/runner/BenchmarkHandler$BenchmarkTask.call;java/lang/reflect/Method.invoke;jdk/internal/reflect/DirectMethodHandleAccessor.invoke;jdk/internal/reflect/DirectMethodHandleAccessor.invokeImpl;java/lang/invoke/LambdaForm$MH.0x00007a2c1402dc00.invokeExact_MT;java/lang/invoke/LambdaForm$MH.0x00007a2c1402d800.invoke;java/lang/invoke/DirectMethodHandle$Holder.invokeSpecial;uk/ac/ncl/jensen/benchmark/jmh_generated/VThreadTransitionBenchmark_transition_yield_jmhTest.transition_yield_AverageTime;uk/ac/ncl/jensen/benchmark/jmh_generated/VThreadTransitionBenchmark_transition_yield_jmhTest.transition_yield_avgt_jmhStub;uk/ac/ncl/jensen/benchmark/VThreadTransitionBenchmark.transition_yield;java/lang/ThreadBuilders$VirtualThreadBuilder.unstarted;java/lang/ThreadBuilders.newVirtualThread;java/lang/VirtualThread.<init> 1
java/util/concurrent/ForkJoinWorkerThread.run;java/util/concurrent/ForkJoinPool.runWorker;java/util/concurrent/ForkJoinPool.awaitWork 2
Cont thaw;Continuation::prepare_thaw;AccessInternal::PostRuntimeDispatch<G1BarrierSet::AccessBarrier<286822ul, G1BarrierSet>, (AccessInternal::BarrierType)3, 286822ul>::oop_access_barrier 2
java/util/concurrent/ForkJoinWorkerThread.run;java/util/concurrent/ForkJoinPool.runWorker;java/util/concurrent/ForkJoinPool.scan;java/util/concurrent/ForkJoinPool$WorkQueue.topLevelExec;java/util/concurrent/ForkJoinTask.doExec;java/util/concurrent/ForkJoinTask$AdaptedRunnableAction.exec;java/lang/VirtualThread$$Lambda.0x00007a2c14031ad0.run;java/lang/VirtualThread.runContinuation;java/lang/VirtualThread.mount;_notify_jvmti_vthread_mount;SharedRuntime::notify_jvmti_vthread_mount;JvmtiVTMSTransitionDisabler::start_VTMS_transition;__tls_get_addr@plt 1
Cont thaw;long* thaw<Config<(oop_kind)0, G1BarrierSet> >;Thaw<Config<(oop_kind)0, G1BarrierSet> >::thaw_fast;memcpy@plt 2
java/util/concurrent/ForkJoinWorkerThread.run;java/util/concurrent/ForkJoinPool.runWorker;java/util/concurrent/ForkJoinPool.scan;java/util/concurrent/ForkJoinPool$WorkQueue.topLevelExec;java/util/concurrent/ForkJoinTask.doExec;java/util/concurrent/ForkJoinTask$AdaptedRunnableAction.exec;java/lang/VirtualThread$$Lambda.0x00007a2c14031ad0.run;java/lang/VirtualThread.runContinuation;java/lang/VirtualThread.compareAndSetState 21
java/util/concurrent/ForkJoinWorkerThread.run;java/util/concurrent/ForkJoinPool.runWorker;java/util/concurrent/ForkJoinPool.scan;java/util/concurrent/ForkJoinPool$WorkQueue.topLevelExec;java/util/concurrent/ForkJoinTask.doExec;java/util/concurrent/ForkJoinTask$AdaptedRunnableAction.exec;java/lang/VirtualThread$$Lambda.0x00007a2c14031ad0.run;java/lang/VirtualThread.runContinuation;java/lang/VirtualThread.mount;_notify_jvmti_vthread_mount;SharedRuntime::notify_jvmti_vthread_mount 3
java/util/concurrent/ForkJoinWorkerThread.run;java/util/concurrent/ForkJoinPool.runWorker;java/util/concurrent/ForkJoinPool.scan;java/util/concurrent/ForkJoinPool$WorkQueue.topLevelExec;java/util/concurrent/ForkJoinTask.doExec;java/util/concurrent/ForkJoinTask$AdaptedRunnableAction.exec;java/lang/VirtualThread$$Lambda.0x00007a2c14031ad0.run;java/lang/VirtualThread.runContinuation;jdk/internal/vm/Continuation.run;jdk/internal/vm/Continuation.enterSpecial;jdk/internal/vm/Continuation.enter;jdk/internal/vm/Continuation.enter0;java/lang/VirtualThread$VThreadContinuation$1.run;java/lang/VirtualThread.run;java/lang/Thread.runWith;uk/ac/ncl/jensen/benchmark/VThreadTransitionBenchmark$$Lambda.0x00007a2c1402b5a0.run;uk/ac/ncl/jensen/benchmark/VThreadTransitionBenchmark.lambda$transition_yield$0;java/lang/Thread.yield;java/lang/VirtualThread.tryYield;java/lang/VirtualThread.yieldContinuation;_notify_jvmti_vthread_mount;SharedRuntime::notify_jvmti_vthread_mount;JvmtiVTMSTransitionDisabler::VTMS_vthread_mount;JvmtiVTMSTransitionDisabler::finish_VTMS_transition;__tls_get_addr@plt 1
java/util/concurrent/ForkJoinWorkerThread.run;java/util/concurrent/ForkJoinPool.runWorker;java/util/concurrent/ForkJoinPool.scan;java/util/concurrent/ForkJoinPool$WorkQueue.topLevelExec;java/util/concurrent/ForkJoinTask.doExec;java/util/concurrent/ForkJoinTask$AdaptedRunnableAction.exec;java/lang/VirtualThread$$Lambda.0x00007a2c14031ad0.run;java/lang/VirtualThread.runContinuation;jdk/internal/vm/Continuation.run;jdk/internal/vm/Continuation.enterSpecial;jdk/internal/vm/Continuation.enter;jdk/internal/vm/Continuation.enter0;java/lang/VirtualThread$VThreadContinuation$1.run;java/lang/VirtualThread.run;java/lang/Thread.runWith;uk/ac/ncl/jensen/benchmark/VThreadTransitionBenchmark$$Lambda.0x00007a2c1402b5a0.run;uk/ac/ncl/jensen/benchmark/VThreadTransitionBenchmark.lambda$transition_yield$0;java/lang/Thread.yield;java/lang/VirtualThread.tryYield;java/lang/VirtualThread.yieldContinuation;_notify_jvmti_vthread_unmount;SharedRuntime::notify_jvmti_vthread_unmount;JNIHandles::make_local 1
java/util/concurrent/ForkJoinWorkerThread.run;java/util/concurrent/ForkJoinPool.runWorker;java/util/concurrent/ForkJoinPool.scan;java/util/concurrent/ForkJoinPool$WorkQueue.topLevelExec;java/util/concurrent/ForkJoinTask.doExec;java/util/concurrent/ForkJoinTask$AdaptedRunnableAction.exec;java/lang/VirtualThread$$Lambda.0x00007a2c14031ad0.run;java/lang/VirtualThread.runContinuation;java/lang/VirtualThread.afterYield;java/lang/VirtualThread.externalSubmitRunContinuation;java/util/concurrent/ForkJoinPool.externalSubmit;java/util/concurrent/ForkJoinPool$WorkQueue.push 1
java/util/concurrent/ForkJoinWorkerThread.run;java/util/concurrent/ForkJoinPool.runWorker;java/util/concurrent/ForkJoinPool.scan;java/util/concurrent/ForkJoinPool$WorkQueue.topLevelExec;java/util/concurrent/ForkJoinTask.doExec;java/util/concurrent/ForkJoinTask$AdaptedRunnableAction.exec;java/lang/VirtualThread$$Lambda.0x00007a2c14031ad0.run;java/lang/VirtualThread.runContinuation;java/lang/VirtualThread.afterYield;java/lang/VirtualThread.externalSubmitRunContinuation;java/util/concurrent/ForkJoinPool.externalSubmit;java/util/concurrent/ForkJoinPool$WorkQueue.push;java/util/concurrent/ForkJoinPool.signalWork;java/util/concurrent/locks/LockSupport.unpark;jdk/internal/misc/Unsafe.unpark 1
java/util/concurrent/ForkJoinWorkerThread.run;java/util/concurrent/ForkJoinPool.runWorker;java/util/concurrent/ForkJoinPool.scan;java/util/concurrent/ForkJoinPool$WorkQueue.topLevelExec;java/util/concurrent/ForkJoinTask.doExec;java/util/concurrent/ForkJoinTask$AdaptedRunnableAction.exec;java/lang/VirtualThread$$Lambda.0x00007a2c14031ad0.run;java/lang/VirtualThread.runContinuation;java/lang/VirtualThread.afterYield;java/lang/VirtualThread.externalSubmitRunContinuation;java/util/concurrent/ForkJoinPool.externalSubmit;java/util/concurrent/ForkJoinPool$WorkQueue.push;java/util/concurrent/ForkJoinPool.signalWork;java/util/concurrent/locks/LockSupport.unpark;jdk/internal/misc/Unsafe.unpark;Unsafe_Unpark;FastThreadsListHandle::FastThreadsListHandle 1
java/util/concurrent/ForkJoinWorkerThread.run;java/util/concurrent/ForkJoinPool.runWorker;java/util/concurrent/ForkJoinPool.scan;java/util/concurrent/ForkJoinPool$WorkQueue.topLevelExec;java/util/concurrent/ForkJoinTask.doExec;java/util/concurrent/ForkJoinTask$AdaptedRunnableAction.exec;java/lang/VirtualThread$$Lambda.0x00007a2c14031ad0.run;java/lang/VirtualThread.runContinuation;java/lang/VirtualThread.afterYield;java/lang/VirtualThread.externalSubmitRunContinuation;java/util/concurrent/ForkJoinPool.externalSubmit;java/util/concurrent/ForkJoinPool$WorkQueue.push;java/util/concurrent/ForkJoinPool.signalWork 2
java/util/concurrent/ForkJoinWorkerThread.run;java/util/concurrent/ForkJoinPool.runWorker;java/util/concurrent/ForkJoinPool.scan;java/util/concurrent/ForkJoinPool$WorkQueue.topLevelExec;java/util/concurrent/ForkJoinTask.doExec;java/util/concurrent/ForkJoinTask$AdaptedRunnableAction.exec;java/lang/VirtualThread$$Lambda.0x00007a2c14031ad0.run;java/lang/VirtualThread.runContinuation;java/lang/VirtualThread.afterYield;java/lang/VirtualThread.externalSubmitRunContinuation;java/util/concurrent/ForkJoinTask.adapt 1
java/util/concurrent/ForkJoinWorkerThread.run;java/util/concurrent/ForkJoinPool.runWorker;java/util/concurrent/ForkJoinPool.scan;java/util/concurrent/ForkJoinPool$WorkQueue.topLevelExec;java/util/concurrent/ForkJoinPool$WorkQueue.tryPoll 19
java/util/concurrent/ForkJoinWorkerThread.run;java/util/concurrent/ForkJoinPool.runWorker;java/util/concurrent/ForkJoinPool.awaitWork 84
java/util/concurrent/ForkJoinWorkerThread.run;java/util/concurrent/ForkJoinPool.runWorker;java/util/concurrent/ForkJoinPool.scan;java/util/concurrent/ForkJoinPool$WorkQueue.topLevelExec;java/util/concurrent/ForkJoinTask.doExec;java/util/concurrent/ForkJoinTask$AdaptedRunnableAction.exec;java/lang/VirtualThread$$Lambda.0x00007a2c14031ad0.run;java/lang/VirtualThread.runContinuation;jdk/internal/vm/Continuation.run;jdk/internal/vm/Continuation.enterSpecial;jdk/internal/vm/Continuation.enter;jdk/internal/vm/Continuation.enter0;java/lang/VirtualThread$VThreadContinuation$1.run;java/lang/VirtualThread.run;java/lang/Thread.runWith;uk/ac/ncl/jensen/benchmark/VThreadTransitionBenchmark$$Lambda.0x00007a2c1402b5a0.run;uk/ac/ncl/jensen/benchmark/VThreadTransitionBenchmark.lambda$transition_yield$0;java/lang/Thread.yield;java/lang/VirtualThread.tryYield;java/lang/VirtualThread.yieldContinuation;_notify_jvmti_vthread_mount;SharedRuntime::notify_jvmti_vthread_mount;JvmtiVTMSTransitionDisabler::VTMS_vthread_mount;JvmtiVTMSTransitionDisabler::VTMS_mount_end;JavaThread::rebind_to_jvmti_thread_state_of;JvmtiThreadState::set_thread 2
java/util/concurrent/ForkJoinWorkerThread.run;java/util/concurrent/ForkJoinPool.runWorker;java/util/concurrent/ForkJoinPool.scan;java/util/concurrent/ForkJoinPool$WorkQueue.topLevelExec 1
java/util/concurrent/ForkJoinWorkerThread.run;java/util/concurrent/ForkJoinPool.runWorker;java/util/concurrent/ForkJoinPool.scan;java/util/concurrent/ForkJoinPool$WorkQueue.topLevelExec;java/util/concurrent/ForkJoinTask.doExec;java/util/concurrent/ForkJoinTask$AdaptedRunnableAction.exec;java/lang/VirtualThread$$Lambda.0x00007a2c14031ad0.run;java/lang/VirtualThread.runContinuation;jdk/internal/vm/Continuation.run;jdk/internal/vm/Continuation.enterSpecial;int freeze<Config<(oop_kind)0, G1BarrierSet> >;StackWatermarkSet::after_unwind 1
java/util/concurrent/ForkJoinWorkerThread.run;java/util/concurrent/ForkJoinPool.runWorker;java/util/concurrent/ForkJoinPool.scan;java/util/concurrent/ForkJoinPool$WorkQueue.topLevelExec;java/util/concurrent/ForkJoinTask.doExec;java/util/concurrent/ForkJoinTask.setDone;java/util/concurrent/ForkJoinTask.getAndBitwiseOrStatus;jdk/internal/misc/Unsafe.getAndBitwiseOrInt 21
java/util/concurrent/ForkJoinWorkerThread.run;java/util/concurrent/ForkJoinPool.runWorker;java/util/concurrent/ForkJoinPool.scan 3
java/util/concurrent/ForkJoinWorkerThread.run;java/util/concurrent/ForkJoinPool.runWorker;java/util/concurrent/ForkJoinPool.scan 146
java/util/concurrent/ForkJoinWorkerThread.run;java/util/concurrent/ForkJoinPool.runWorker;java/util/concurrent/ForkJoinPool.awaitWork;java/util/concurrent/locks/LockSupport.park;jdk/internal/misc/Unsafe.park;Unsafe_Park;Parker::park;__pthread_mutex_unlock;/usr/lib/x86_64-linux-gnu/libc.so.6 6
java/util/concurrent/ForkJoinWorkerThread.run;java/util/concurrent/ForkJoinPool.runWorker;java/util/concurrent/ForkJoinPool.awaitWork;java/util/concurrent/locks/LockSupport.park;jdk/internal/misc/Unsafe.park;Unsafe_Park;Parker::park 4
java/util/concurrent/ForkJoinWorkerThread.run;java/util/concurrent/ForkJoinPool.runWorker;java/util/concurrent/ForkJoinPool.scan;java/util/concurrent/ForkJoinPool$WorkQueue.topLevelExec;java/util/concurrent/ForkJoinTask.doExec;java/util/concurrent/ForkJoinTask$AdaptedRunnableAction.exec;java/lang/VirtualThread$$Lambda.0x00007a2c14031ad0.run;java/lang/VirtualThread.runContinuation;jdk/internal/vm/Continuation.run;jdk/internal/vm/Continuation.enterSpecial;jdk/internal/vm/Continuation.enter;jdk/internal/vm/Continuation.enter0;java/lang/VirtualThread$VThreadContinuation$1.run;java/lang/VirtualThread.run;java/lang/Thread.runWith;uk/ac/ncl/jensen/benchmark/VThreadTransitionBenchmark$$Lambda.0x00007a2c1402b5a0.run;uk/ac/ncl/jensen/benchmark/VThreadTransitionBenchmark.lambda$transition_yield$0;java/lang/Thread.yield;java/lang/VirtualThread.tryYield;java/lang/VirtualThread.yieldContinuation;_notify_jvmti_vthread_unmount;SharedRuntime::notify_jvmti_vthread_unmount;JvmtiVTMSTransitionDisabler::VTMS_vthread_unmount 1
java/util/concurrent/ForkJoinWorkerThread.run;java/util/concurrent/ForkJoinPool.runWorker;java/util/concurrent/ForkJoinPool.scan;java/util/concurrent/ForkJoinPool$WorkQueue.topLevelExec;java/util/concurrent/ForkJoinTask.doExec;java/util/concurrent/ForkJoinTask$AdaptedRunnableAction.exec;java/lang/VirtualThread$$Lambda.0x00007a2c14031ad0.run;java/lang/VirtualThread.runContinuation;jdk/internal/vm/Continuation.run;jdk/internal/vm/Continuation.enterSpecial;jdk/internal/vm/Continuation.enter;jdk/internal/vm/Continuation.enter0;java/lang/VirtualThread$VThreadContinuation$1.run;java/lang/VirtualThread.run;java/lang/Thread.runWith;uk/ac/ncl/jensen/benchmark/VThreadTransitionBenchmark$$Lambda.0x00007a2c1402b5a0.run;uk/ac/ncl/jensen/benchmark/VThreadTransitionBenchmark.lambda$transition_yield$0;java/lang/Thread.yield;java/lang/VirtualThread.tryYield;java/lang/VirtualThread.yieldContinuation;jdk/internal/vm/Continuation.yield;jdk/internal/vm/Continuation.yield0;jdk/internal/vm/Continuation.doYield;int freeze<Config<(oop_kind)0, G1BarrierSet> >;FreezeBase::freeze_fast_copy;ContinuationEntry::flush_stack_processing 1
java/util/concurrent/ForkJoinWorkerThread.run;java/util/concurrent/ForkJoinPool.runWorker;java/util/concurrent/ForkJoinPool.scan 207
java/util/concurrent/ForkJoinWorkerThread.run;java/util/concurrent/ForkJoinPool.runWorker;java/util/concurrent/ForkJoinPool.awaitWork;java/util/concurrent/locks/LockSupport.park;jdk/internal/misc/Unsafe.park;Unsafe_Park;Parker::park;ThreadBlockInVMPreprocess<void (JavaThread*)>::~ThreadBlockInVMPreprocess 2
java/util/concurrent/ForkJoinWorkerThread.run;java/util/concurrent/ForkJoinPool.runWorker;java/util/concurrent/ForkJoinPool.scan 2
java/util/concurrent/ForkJoinWorkerThread.run;java/util/concurrent/ForkJoinPool.runWorker;java/util/concurrent/ForkJoinPool.scan;java/util/concurrent/ForkJoinPool$WorkQueue.topLevelExec;java/util/concurrent/ForkJoinTask.doExec;java/util/concurrent/ForkJoinTask$AdaptedRunnableAction.exec;java/lang/VirtualThread$$Lambda.0x00007a2c14031ad0.run;java/lang/VirtualThread.runContinuation;java/lang/VirtualThread.mount;_notify_jvmti_vthread_mount;SharedRuntime::notify_jvmti_vthread_mount;JvmtiVTMSTransitionDisabler::start_VTMS_transition;__tls_get_addr 1
java/util/concurrent/ForkJoinWorkerThread.run;java/util/concurrent/ForkJoinPool.runWorker;java/util/concurrent/ForkJoinPool.scan;java/util/concurrent/ForkJoinPool$WorkQueue.topLevelExec;java/util/concurrent/ForkJoinTask.doExec;java/util/concurrent/ForkJoinTask$AdaptedRunnableAction.exec;java/lang/VirtualThread$$Lambda.0x00007a2c14031ad0.run;java/lang/VirtualThread.runContinuation;java/lang/VirtualThread.mount;_notify_jvmti_vthread_mount;SharedRuntime::notify_jvmti_vthread_mount;JvmtiVTMSTransitionDisabler::start_VTMS_transition;java_lang_Thread::set_is_in_VTMS_transition 11
java/util/concurrent/ForkJoinWorkerThread.run;java/util/concurrent/ForkJoinPool.runWorker;java/util/concurrent/ForkJoinPool.scan;java/util/concurrent/ForkJoinPool$WorkQueue.topLevelExec;java/util/concurrent/ForkJoinTask.doExec;java/util/concurrent/ForkJoinTask$AdaptedRunnableAction.exec;java/lang/VirtualThread$$Lambda.0x00007a2c14031ad0.run;java/lang/VirtualThread.runContinuation;java/lang/VirtualThread.afterYield;java/lang/VirtualThread.externalSubmitRunContinuation;java/util/concurrent/ForkJoinPool.externalSubmit;java/util/concurrent/ForkJoinPool$WorkQueue.push;java/util/concurrent/ForkJoinPool.signalWork 22
java/util/concurrent/ForkJoinWorkerThread.run;java/util/concurrent/ForkJoinPool.runWorker;java/util/concurrent/ForkJoinPool.scan;java/util/concurrent/ForkJoinPool$WorkQueue.topLevelExec;java/util/concurrent/ForkJoinTask.doExec;java/util/concurrent/ForkJoinTask$AdaptedRunnableAction.exec;java/lang/VirtualThread$$Lambda.0x00007a2c14031ad0.run;java/lang/VirtualThread.runContinuation;jdk/internal/vm/Continuation.run;jdk/internal/vm/Continuation.enterSpecial;jdk/internal/vm/Continuation.enter;jdk/internal/vm/Continuation.enter0;java/lang/VirtualThread$VThreadContinuation$1.run;java/lang/VirtualThread.run;java/lang/Thread.runWith;uk/ac/ncl/jensen/benchmark/VThreadTransitionBenchmark$$Lambda.0x00007a2c1402b5a0.run;uk/ac/ncl/jensen/benchmark/VThreadTransitionBenchmark.lambda$transition_yield$0;java/lang/Thread.yield;java/lang/VirtualThread.tryYield;java/lang/VirtualThread.yieldContinuation;_notify_jvmti_vthread_unmount;SharedRuntime::notify_jvmti_vthread_unmount;JvmtiVTMSTransitionDisabler::VTMS_vthread_unmount;JvmtiVTMSTransitionDisabler::start_VTMS_transition;__tls_get_addr 1
java/util/concurrent/ForkJoinWorkerThread.run;java/util/concurrent/ForkJoinPool.runWorker;java/util/concurrent/ForkJoinPool.scan;java/util/concurrent/ForkJoinPool$WorkQueue.topLevelExec;java/util/concurrent/ForkJoinTask.doExec;java/util/concurrent/ForkJoinTask$AdaptedRunnableAction.exec;java/lang/VirtualThread$$Lambda.0x00007a2c14031ad0.run;java/lang/VirtualThread.runContinuation;java/lang/VirtualThread.unmount;_notify_jvmti_vthread_unmount;SharedRuntime::notify_jvmti_vthread_unmount;JNIHandleBlock::allocate_handle 3
java/util/concurrent/ForkJoinWorkerThread.run;java/util/concurrent/ForkJoinPool.runWorker;java/util/concurrent/ForkJoinPool.scan;java/util/concurrent/ForkJoinPool$WorkQueue.topLevelExec;java/util/concurrent/ForkJoinTask.doExec;java/util/concurrent/ForkJoinTask$AdaptedRunnableAction.exec;java/lang/VirtualThread$$Lambda.0x00007a2c14031ad0.run;java/lang/VirtualThread.runContinuation;jdk/internal/vm/Continuation.run;jdk/internal/vm/Continuation.enterSpecial;jdk/internal/vm/Continuation.enter;jdk/internal/vm/Continuation.enter0;java/lang/VirtualThread$VThreadContinuation$1.run;java/lang/VirtualThread.run;java/lang/Thread.runWith;uk/ac/ncl/jensen/benchmark/VThreadTransitionBenchmark$$Lambda.0x00007a2c1402b5a0.run;uk/ac/ncl/jensen/benchmark/VThreadTransitionBenchmark.lambda$transition_yield$0;java/lang/Thread.yield;java/lang/VirtualThread.tryYield;java/lang/VirtualThread.yieldContinuation 1
